,director,Number_MoviesShows_dir,dir_average_score
0,20th_century_fox,1,58.0
1,A. L. Vijay,1,12.0
2,A.J. Murugan,1,28.0
3,A.R. Murugadoss,1,45.0
4,Aanand Rai,1,60.0
5,Aaron Burns,1,8.0
6,Aaron Mirtes,1,19.0
7,"Aaron Nee, Adam Nee",1,58.0
8,Aaron Norris,2,42.5
9,Aaron Sorkin,2,77.0
10,Aaron Woodley,1,41.0
11,"Abbas Alibhai Burmawalla, Mastan Alibhai Burmawalla",1,46.0
12,Abdellatif Kechiche,1,76.0
13,Abdulaziz Alshlahei,1,18.0
14,Abel Ferrara,1,53.0
15,Abhinay Deo,3,41.333333333333336
16,Abhishek Kapoor,3,56.0
17,Abhishek Sharma,1,61.0
18,Abhishek Varman,2,49.5
19,Abir Sengupta,1,14.0
20,Adam Bhala Lough,1,43.0
21,Adam Bolt,1,76.0
22,Adam Dubin,1,78.0
23,Adam Egypt Mortimer,1,62.0
24,Adam Leon,1,70.0
25,Adam MacDonald,1,63.0
26,Adam McKay,1,66.0
27,Adam Ripp,1,22.0
28,Adam Rodgers,1,58.0
29,Adam Shankman,2,64.0
30,Adam Sjöberg,1,9.0
31,Adam Smith,1,47.0
32,Adam Wood,1,69.0
33,"Adil El Arbi, Bilall Fallah",1,48.0
34,Aditya Chopra,2,78.5
35,Aditya Kripalani,1,17.0
36,Adrian Grunberg,1,50.0
37,Adrian Langley,1,38.0
38,Adrian Panek,1,43.0
39,Adrian Teh,2,23.5
40,Adrián García Bogliano,1,30.0
41,Advait Chandan,1,78.0
42,Ahishor Solomon,1,21.0
43,Ahmad El-Badri,1,16.0
44,Ahmed El Gendy,1,21.0
45,Ahmed Saleh,1,13.0
46,Ahmet Katıksız,1,47.0
47,Ahn Byoung-wook,1,28.0
48,Aidan Belizaire,1,8.0
49,Ajay Bahl,1,61.0
50,Ajay Devgn,1,39.0
51,Akarsh Khurana,1,67.0
52,Akiva Goldsman,1,50.0
53,"Akiyuki Shinbo, Nobuyuki Takeuchi",1,51.0
54,Akshay Roy,1,47.0
55,Alain Desrochers,1,64.0
56,Alan Alda,1,56.0
57,Alan Ball,1,70.0
58,Alan Barillaro,1,86.0
59,Alan J. Pakula,1,63.0
60,Alan Metzger,1,13.0
61,Alan Parker,2,66.0
62,Alan Rickman,1,57.0
63,Alastair Fothergill,1,84.0
64,"Alastair Fothergill, Jonnie Hughes, Keith Scholey",1,87.0
65,Albert Herman,1,3.0
66,Albert Maysles,1,77.0
67,Albert Pyun,1,26.0
68,Alberto Lattuada,1,35.0
69,Alejandra Márquez Abella,1,28.0
70,Alejandro Agresti,1,65.0
71,"Alejandro De Grazia, Juan Stadler",1,9.0
72,Alejandro Fernández Almendras,1,10.0
73,Alejandro G. Iñárritu,1,75.0
74,Alejandro Montiel,2,45.5
75,Alejo Mo-Sun,1,15.0
76,"Aleksandr Boguslavskiy, Francesco Cinquemani",1,36.0
77,Aleksandr Sery,1,73.0
78,Aleksey Tsitsilin,1,61.0
79,Alessandra de Rossi,1,14.0
80,Alessio Cremonini,1,76.0
81,Alethea Jones,1,47.0
82,"Alex Díaz, Marcos Bucay",1,7.0
83,Alex Garland,1,83.0
84,Alex Infascelli,1,55.0
85,Alex Israel,1,29.0
86,Alex Merkin,1,33.0
87,"Alex Parkinson, Richard da Costa",1,78.0
88,Alex Proyas,2,68.0
89,Alex R. Johnson,1,38.0
90,Alex Reis,1,77.0
91,Alex Richanbach,1,53.0
92,Alex Stapleton,1,32.0
93,Alex Turner,1,48.0
94,"Alex Woo, Stanley Moore",1,12.0
95,Alex Zamm,3,47.0
96,Alexander Gruszynski,1,24.0
97,"Alexander Holt, Lance Roehrig",1,62.0
98,Alexandra Dean,1,74.0
99,"Alexandra Kotchef, Hannah Leder",1,37.0
100,Alexandre Avancini,1,29.0
101,Alexandre Espigares,1,67.0
102,"Alexandre Heboyan, Benoît Philippon",1,75.0
103,Alexis Morante,1,37.0
104,Alf Kjellin,1,3.0
105,Alfred Gimeno,1,59.0
106,Alfred Hitchcock,1,79.0
107,Alfred Werker,1,66.0
108,Ali Abbas Zafar,2,59.5
109,Ali F. Mostafa,1,31.0
110,"Ali Kalthami, Meshal Aljaser, Faris Godus, Mohamed al Salman, Faisal al Amer",1,16.0
111,Ali Scher,1,41.0
112,Ali Tabrizi,1,78.0
113,Alice Rohrwacher,1,82.0
114,Alison Chernick,1,75.0
115,Alison Klayman,1,72.0
116,Alison MacLean,1,61.0
117,Alistair Legrand,2,44.0
118,Allan Dwan,1,43.0
119,Allan Moyle,1,28.0
120,Allan Ungar,1,52.0
121,Allison Liddi-Brown,1,61.0
122,Alma Har'el,1,34.0
123,"Almudena Carracedo, Robert Bahar",1,67.0
124,Alyssa Rallo Bennett,1,24.0
125,Amaan Khan,1,47.0
126,Amber Tamblyn,1,64.0
127,Ameer,1,27.0
128,Ami Artzi,1,2.0
129,Ami Canaan Mann,1,56.0
130,Amin Dora,1,33.0
131,Amin Hajee,1,5.0
132,Amir Bar-Lev,1,75.0
133,Amit Roy,1,31.0
134,Amit Saxena,1,7.0
135,Amitoj Mann,1,24.0
136,Amol Palekar,1,54.0
137,Amole Gupte,1,28.0
138,Amr Arafa,2,32.5
139,Amro Salah,1,19.0
140,Amy Poehler,1,53.0
141,Amy Rice,1,24.0
142,Amy Schumer,1,34.0
143,Amy Segal,1,46.0
144,Amy Waddell,1,7.0
145,Anand Tucker,1,55.0
146,Anastasia Pappas,1,48.0
147,Andaç Haznedaroğlu,1,38.0
148,Andrea Arnold,1,72.0
149,Andrea Di Stefano,1,63.0
150,Andrea Molaioli,1,33.0
151,Andreas Johnsen,1,29.0
152,Andrew Adamson,2,68.5
153,Andrew Bergman,1,40.0
154,Andrew C. Erin,1,39.0
155,Andrew Davis,2,70.0
156,Andrew Dominik,1,60.0
157,Andrew Fleming,1,62.0
158,Andrew Goth,1,32.0
159,Andrew Green,1,70.0
160,Andrew Jones,1,25.0
161,"Andrew Lau Wai-Keung, Andrew Loo",1,40.0
162,Andrew Niccol,1,53.0
163,Andrew Patterson,1,76.0
164,Andrew Renzi,1,41.0
165,Andrew Sandler,1,36.0
166,Andrew Slater,1,75.0
167,Andrew Stanton,1,59.0
168,Andrew Traucki,1,58.0
169,Andrew V. McLaglen,1,29.0
170,Andrew Waller,1,28.0
171,Andrzej Bartkowiak,1,50.0
172,Andrés Couturier,1,12.0
173,Andrés Goteira,1,11.0
174,Andy Fickman,1,37.0
175,Andy Knight,1,51.0
176,Andy Tennant,4,54.0
177,Anees Bazmee,4,39.5
178,Angel Kristi Williams,1,43.0
179,"Angelo J. Guglielmo,  Jr.",1,50.0
180,Angga Dwimas Sasongko,1,14.0
181,Angus MacLane,1,78.0
182,"Anil V. Kumar, Anurag Basu",1,11.0
183,Aniruddha Roy Chowdhury,1,80.0
184,Ann Deborah Fishman,1,34.0
185,"Anna Boden, Ryan Fleck",1,70.0
186,Anna Elizabeth James,1,35.0
187,Anna Mastro,1,36.0
188,Anna Wieczur-Bluszcz,1,32.0
189,Annabel Jankel,1,61.0
190,Anne Fletcher,1,71.0
191,Anne Fontaine,1,52.0
192,Anne Wheeler,1,28.0
193,Anoop Rangi,1,2.0
194,Ant Timpson,1,68.0
195,"Anthony Abrams, Adam Larson Broder",1,28.0
196,Anthony Bell,1,8.0
197,Anthony Byrne,1,55.0
198,Anthony C. Ferrante,3,42.666666666666664
199,Anthony DiBlasi,1,65.0
200,Anthony Fabian,1,76.0
201,Anthony Giordano,1,67.0
202,Anthony Lucero,1,68.0
203,Anthony Simmons,1,16.0
204,Anthony Wonke,1,32.0
205,Antoinette Jadaone,1,27.0
206,Anton Corbijn,1,21.0
207,Antonio Campos,2,57.5
208,Antonio Chavarrías,1,25.0
209,Antonio Morabito,1,29.0
210,Antonio Negret,1,46.0
211,Anubhav Sinha,1,81.0
212,Anudeep KV,1,45.0
213,Anurag Basu,1,73.0
214,Anurag Kashyap,4,62.25
215,"Anurag Kashyap, Dibakar Banerjee, Karan Johar, Zoya Akhtar",1,55.0
216,Anurag Singh,1,36.0
217,Anuraj Manohar,1,41.0
218,Anvita Dutt,1,65.0
219,Aphton Corbin,1,49.0
220,"Appie Boudellah, Aram van de Rest",1,30.0
221,April Mullen,1,48.0
222,Aram Rappaport,1,45.0
223,Arati Kadav,1,35.0
224,Ari Aster,1,76.0
225,Ari Gold,1,24.0
226,Ari Sandel,1,55.0
227,Ariel Vromen,1,65.0
228,Armand Mastroianni,1,29.0
229,Armando Iannucci,1,79.0
230,Arnab Chaudhuri,1,41.0
231,"Art Stevens, Ted Berman, Richard Rich",1,72.0
232,Arthur Penn,1,80.0
233,"Arthur Wong, Brandy Yuen",1,22.0
234,Arvi,1,11.0
235,Asghar Farhadi,2,78.5
236,Ashley Avis,1,59.0
237,Ashok Nanda,1,13.0
238,Ashraf Fayeq,1,19.0
239,Ashu Trikha,1,16.0
240,Ashutosh Gowariker,2,59.0
241,Ashwiny Iyer Tiwari,1,70.0
242,"Ashwiny Iyer Tiwari, Abhishek Chaubey, Saket Chaudhary",1,20.0
243,Asif Kapadia,1,84.0
244,Assaf Bernstein,1,50.0
245,Atlee,1,59.0
246,Atom Egoyan,1,70.0
247,Attila Till,1,61.0
248,Atul Sabharwal,1,31.0
249,Audrey Cummings,1,37.0
250,Austin Stark,1,40.0
251,Avinash Arun,1,46.0
252,Axelle Carolyn,1,52.0
253,Axelle Laffont,1,37.0
254,Ayaan Mukherji,1,70.0
255,Ayumu Watanabe,1,67.0
256,Ayush Raina,1,20.0
257,Azfar Jafri,1,21.0
258,Aziz Mirza,3,47.666666666666664
259,B. Unnikrishnan,1,35.0
260,Bala,1,29.0
261,Balaji Sakthivel,1,38.0
262,Baljit Singh Deo,1,22.0
263,Bapu,1,9.0
264,"Barbara Białowąs, Tomasz Mandes",1,40.0
265,Barbara Kopple,1,79.0
266,Barbra Streisand,1,67.0
267,"Barbra Streisand, Jim Gable",1,23.0
268,Barnet Bain,1,25.0
269,Barry Alexander Brown,1,52.0
270,Barry Avrich,2,65.5
271,Barry Cook,1,37.0
272,Barry Jenkins,1,85.0
273,Barry Levinson,2,75.5
274,Barry Sonnenfeld,2,75.0
275,Barry Strugatz,1,10.0
276,Bassam Tariq,1,48.0
277,Beda Docampo Feijoo,1,20.0
278,Bedabrata Pain,1,20.0
279,Bedran Güzel,1,44.0
280,Beeban Kidron,1,65.0
281,Bejoy Nambiar,1,60.0
282,"Ben Bowie, Geoff Luck",1,10.0
283,Ben Browder,1,36.0
284,Ben C. Lucas,1,62.0
285,Ben Carland,1,45.0
286,Ben Cookson,1,54.0
287,Ben Falcone,1,40.0
288,Ben Sharpsteen,3,34.333333333333336
289,Ben Simms,1,9.0
290,Ben Stassen,1,54.0
291,Ben Stiller,1,73.0
292,Ben Younger,1,67.0
293,Benedict Andrews,1,60.0
294,Benjamin Dickinson,1,20.0
295,Benjamin Gluck,1,59.0
296,"Benjamin Turner, Gabe Turner",1,63.0
297,"Benny Safdie, Josh Safdie",1,79.0
298,Bernie Rao,1,33.0
299,Bert I. Gordon,1,27.0
300,Bert Marcus,1,65.0
301,"Bert Marcus, Cyrus Saidi",1,50.0
302,Bette Gordon,1,40.0
303,Betty Thomas,1,56.0
304,Beyoncé Knowles-Carter,1,80.0
305,Bharat Kamma,1,43.0
306,Bhaskar,1,13.0
307,Bhushan Patel,1,17.0
308,Bilal Lashari,1,46.0
309,Bill Clark,1,63.0
310,Bill Corcoran,1,18.0
311,Bill Norton,1,16.0
312,Bill Paxton,1,70.0
313,Bill Roberts,1,31.0
314,"Bill Roberts, Jack Kinney, Ham Luske",1,59.0
315,Bille August,1,65.0
316,Bille Woodruff,2,38.5
317,Billy Corben,2,59.5
318,Billy Morrissette,1,62.0
319,Blaine Thurier,1,27.0
320,Blair Treu,1,49.0
321,Blake Edwards,1,56.0
322,Blake Van de Graaf,1,29.0
323,Blayne Weaver,1,26.0
324,Boaz Yakin,2,66.5
325,Bob Clark,2,47.5
326,Bob Giordano,1,28.0
327,Bob Giraldi,1,56.0
328,"Bob Hercules, Rita Coburn Whack",1,80.0
329,Bob Odenkirk,1,56.0
330,"Bobby Farrelly, Peter Farrelly",1,60.0
331,Bobby Roth,2,22.0
332,Bobcat Goldthwait,2,41.0
333,Bobs Gannaway,1,55.0
334,"Bonni Cohen, Jon Shenk",1,83.0
335,Bora Kim,1,82.0
336,Borys Lankosz,1,11.0
337,Boyapati Srinivas,1,17.0
338,Brad Anderson,3,65.66666666666667
339,Brad Bird,4,76.25
340,Brad Peyton,1,38.0
341,Brad Silberling,1,50.0
342,"Bradford Thomason, Brett Whitcomb",1,48.0
343,Bradley Parker,1,40.0
344,Bradley Raymond,2,55.0
345,"Bradley Raymond, Jun Falkenstein, Bill Speers",1,64.0
346,"Bradley Raymond, Tom Ellery",1,43.0
347,Bradley Walsh,1,51.0
348,Bramma,1,12.0
349,Branden Kramer,1,54.0
350,Brandon Dickerson,1,22.0
351,Brandon Slagle,1,19.0
352,Brendan Byrne,1,74.0
353,Brendan Toller,1,64.0
354,Brendon Marotta,1,31.0
355,Brent Bonacorso,1,44.0
356,Brent Maddock,1,55.0
357,Brett Donowho,1,41.0
358,Brett Haley,1,68.0
359,Brett Harvey,1,58.0
360,Brett Hedlund,1,28.0
361,Brett Ratner,1,62.0
362,Brett Simmons,1,26.0
363,Brian A. Miller,1,32.0
364,"Brian Avenet-Bradley, Laurence Avenet-Bradley",1,16.0
365,Brian Fee,1,65.0
366,Brian Hennigan,1,18.0
367,Brian Henson,1,76.0
368,Brian Herzlinger,1,10.0
369,Brian Jun,1,6.0
370,Brian Levant,2,43.0
371,"Brian M. Conley, Nathan Ives",1,30.0
372,Brian Nowak,1,6.0
373,Brian Pimental,1,59.0
374,Brian Robbins,1,53.0
375,Brian Skiba,1,37.0
376,Brian Trenchard-Smith,1,23.0
377,Brittany Andrews,1,32.0
378,Bruce Beresford,3,66.0
379,Bruce Hendricks,1,44.0
380,Bruce Wemple,1,26.0
381,Bruno Garotti,1,49.0
382,Bryan Fogel,1,80.0
383,Bryan Lewis,1,14.0
384,Bryan Singer,1,61.0
385,Bryce Wagoner,1,51.0
386,Bryn Evans,1,17.0
387,Buchi Babu Sana,1,30.0
388,Bud Luckey,1,66.0
389,"Bud Pollard, Del Lord",1,2.0
390,Burak Aksak,1,27.0
391,Burny Mattinson,1,83.0
392,Burr Steers,1,61.0
393,Burt Brinckerhoff,1,13.0
394,Burt Gillett,3,53.666666666666664
395,Buz Wallick,1,10.0
396,Byron Haskin,1,71.0
397,"Byron Howard, Chris Williams",1,71.0
398,"Byron Howard, Rich Moore",1,82.0
399,C Premkumar,1,14.0
400,C V Kumar,1,38.0
401,C. Nichols,1,23.0
402,C.J. Wallis,1,62.0
403,Cal Brunker,1,49.0
404,Cameron Crowe,1,85.0
405,Camille Delamarre,2,45.5
406,Carl Gottlieb,1,52.0
407,Carl Hunter,1,67.0
408,Carl Mendez,1,9.0
409,Carl Pierson,1,14.0
410,Carles Torras,1,51.0
411,Carlos Diegues,1,24.0
412,Carlos Moreno,1,20.0
413,Carlos Morett,1,19.0
414,Carlos Pérez Osorio,1,65.0
415,Carlos Sorín,1,44.0
416,Carlos Vermut,1,65.0
417,Caroline Suh,1,79.0
418,Cary Joji Fukunaga,1,78.0
419,Caryn Waechter,1,20.0
420,Casey Affleck,1,70.0
421,Cassi Simonds,1,26.0
422,Castille Landon,1,37.0
423,Cate Shortland,1,65.0
424,"Catherine Bainbridge, Alfonso Maiorana (Co-Director)",1,79.0
425,Catherine Cyran,1,28.0
426,"Catherine Gund, Daresha Kyi",1,76.0
427,Cathy Garcia-Molina,7,37.42857142857143
428,"Cavi Borges, Luciano Vidigal",1,46.0
429,"Cecilia Atán, Valeria Pivato",1,63.0
430,Cecilia Peck,1,30.0
431,Cecilia Verheyden,1,69.0
432,Cedric Nicolas-Troyan,1,54.0
433,Cess Silvera,1,52.0
434,"Chad Barager, Kevin Speckmaier",1,71.0
435,Chad Cohen,1,11.0
436,Chad L. Scheifele,1,32.0
437,Chad Van De Keere,1,18.0
438,Chaitanya Tamhane,1,76.0
439,Chandra Liow,1,11.0
440,Chantelle Squires,1,21.0
441,Charles Binamé,1,56.0
442,Charles Burnett,1,14.0
443,Charles Dance,1,64.0
444,Charles Haid,1,63.0
445,Charles Nichols,5,24.8
446,Charles Robert Carner,1,22.0
447,Charles Stone III,2,49.0
448,Charles Walters,1,21.0
449,Charlie McDowell,1,72.0
450,Charlie Scharfman,1,9.0
451,Charlotte Zwerin,1,78.0
452,Che Sandoval,1,25.0
453,Cheng Wei-hao,1,59.0
454,Chester Tam,1,40.0
455,Chia-Liang Liu,1,47.0
456,Chino Moya,1,44.0
457,Chiwetel Ejiofor,1,78.0
458,Cho Il,1,68.0
459,Chris Appelhans,1,71.0
460,Chris Baugh,1,68.0
461,Chris Bell,1,8.0
462,Chris Bolan,1,81.0
463,Chris Bould,2,60.5
464,"Chris Buck, Jennifer Lee",2,71.5
465,Chris Fisher,1,35.0
466,Chris Gorak,1,35.0
467,Chris Howe,1,28.0
468,Chris Kelly,1,73.0
469,Chris Koch,1,42.0
470,Chris Mason Johnson,1,45.0
471,Chris McCoy,1,53.0
472,Chris McKay,1,60.0
473,Chris Miller,1,68.0
474,Chris Moukarbel,1,73.0
475,Chris Nahon,1,49.0
476,Chris Nelson,1,54.0
477,Chris Prynoski,1,26.0
478,Chris Robinson,1,77.0
479,"Chris Roland, Maradona Dias Dos Santos",1,21.0
480,Chris Sivertson,1,37.0
481,Chris Stokes,1,19.0
482,"Chris W. Freeman, Spain Willingham",1,19.0
483,Chris Weitz,2,56.0
484,Chris Zuhdi,1,30.0
485,Christian Alvart,1,46.0
486,Christian Christiansen,1,35.0
487,Christian Ditter,1,63.0
488,Christian Duguay,2,55.5
489,Christopher Bell,1,48.0
490,Christopher Cain,1,37.0
491,Christopher Guest,1,51.0
492,Christopher James Lang,1,10.0
493,Christopher Morahan,1,63.0
494,Christopher Murray,1,12.0
495,"Christopher S. Rech, Brandon Kimber",1,74.0
496,"Christopher Sanders, Dean DeBlois",1,78.0
497,Chuck Russell,1,43.0
498,Chuck Sheetz,1,62.0
499,Ciarán Foy,1,52.0
500,Claude Berri,1,68.0
501,Claudio Fah,1,51.0
502,Claudio Fäh,1,47.0
503,Claudio Noce,1,9.0
504,Clay Glen,1,29.0
505,Clay Kaytis,1,63.0
506,Clay Staub,1,44.0
507,Clay Tweel,1,85.0
508,Clayton Cogswell,1,26.0
509,Clenét Verdi-Rose,1,13.0
510,Clint Eastwood,3,73.33333333333333
511,Clive Tonge,1,42.0
512,Clyde Geronimi,1,32.0
513,"Clyde Geronimi, Jack Kinney, Hamilton Luske",1,61.0
514,"Cody Cameron, Kris Pearn",1,64.0
515,Cody Stokes,1,18.0
516,"Coerte Voorhees, John Voorhees",1,5.0
517,Coke Daniels,1,73.0
518,Coky Giedroyc,1,18.0
519,Cole Sharpe,1,26.0
520,Colin Dench,1,53.0
521,Colin Miller,1,9.0
522,Colin Minihan,1,62.0
523,Collin Schiffli,1,63.0
524,Conrad Helten,1,50.0
525,Constance Marks,1,77.0
526,Cooper Karl,1,53.0
527,Corbin Bernsen,1,29.0
528,Corey Grant,1,12.0
529,"Corey Yuen, Patrick Leung",1,27.0
530,Cosima Spender,1,34.0
531,Cosmo Feilding-Mellen,1,49.0
532,Cosmo Segurson,1,15.0
533,Courtney Hunt,1,52.0
534,Craig Anderson,1,35.0
535,Craig Brewer,3,69.0
536,Craig Gillespie,2,51.0
537,Craig Johnson,2,69.0
538,Craig Macneill,1,54.0
539,Craig Moss,3,31.666666666666668
540,Craig R. Baxley,1,34.0
541,Craig Ross Jr.,1,19.0
542,Crane Wilbur,1,43.0
543,Cristi Puiu,1,43.0
544,"Cristina Costantini, Kareem Tabsch",1,80.0
545,Cristina Jacob,1,45.0
546,Curtis Hanson,1,63.0
547,Cyrus Nowrasteh,1,55.0
548,César Rodrigues,1,48.0
549,Cüneyt Kaya,1,47.0
550,D Ho,1,10.0
551,D. W. Young,1,57.0
552,D.C. Hamilton,1,51.0
553,D.J. Caruso,2,46.0
554,Dado C. Lumibao,1,27.0
555,Dagen K. W. Merrill,1,42.0
556,Dallas Jackson,1,35.0
557,Damian Lee,1,24.0
558,Damien Leone,1,56.0
559,Damien O’Connor,1,62.0
560,"Dan Abraham, Trent Correy",1,65.0
561,"Dan Fraga, William Lau",1,63.0
562,Dan Gilroy,1,54.0
563,Dan Harris,1,42.0
564,"Dan Kwan, Daniel Scheinert",1,71.0
565,Dan Mazer,1,34.0
566,Dan Scanlon,2,75.0
567,Dan Villegas,2,21.0
568,Dan Zeff,1,18.0
569,Dani de la Orden,1,67.0
570,Daniel Ablin,1,14.0
571,Daniel Alfredson,2,43.0
572,Daniel Barber,1,70.0
573,Daniel Benmayor,2,53.0
574,Daniel Burman,1,51.0
575,Daniel Calparsoro,1,51.0
576,Daniel F. Holmes,1,55.0
577,Daniel Farrands,1,27.0
578,Daniel Goldhaber,1,66.0
579,Daniel Gordon,1,9.0
580,Daniel Lee,1,55.0
581,"Daniel Lindsay, T.J. Martin",1,82.0
582,Daniel Lusko,1,17.0
583,Daniel Millican,1,6.0
584,Daniel Monzón,1,42.0
585,Daniel Petrie,1,8.0
586,Daniel Sandu,1,45.0
587,Daniel Schechter,1,58.0
588,Daniel Smith,1,13.0
589,Daniel Sánchez Arévalo,1,70.0
590,Daniel Wilner,1,11.0
591,Daniel Zirilli,1,25.0
592,Daniela Goggi,1,36.0
593,Danny Boyle,2,48.0
594,Danny Cannon,1,46.0
595,Danny Draven,1,10.0
596,Danny Huston,1,18.0
597,Danny Leiner,1,70.0
598,Dante Lam,1,67.0
599,Dante Tomaselli,1,14.0
600,Darin Scott,1,56.0
601,Dario Piana,1,48.0
602,Darnell Martin,1,77.0
603,"Darrell Rooney, Lynne Southerland",1,56.0
604,Darren Lynn Bousman,1,57.0
605,Dave Hand,1,53.0
606,Dave Higby,2,40.5
607,Dave Mullins,1,64.0
608,Dave Needham,1,51.0
609,Dave O'Leske,1,38.0
610,"Dave Skinner, Freddie Waters",1,40.0
611,David Alford,1,80.0
612,"David Allensworth, Monière",1,19.0
613,David Anspaugh,1,25.0
614,David Au,1,30.0
615,"David Benioff, D.B. Weiss",1,40.0
616,David Bruckner,1,61.0
617,David Chirchirillo,1,59.0
618,"David Chuang, Chen Kuan-chung",1,34.0
619,David Cronenberg,1,75.0
620,David Dhawan,3,27.666666666666668
621,David Dobkin,3,57.333333333333336
622,David E. Talbert,2,60.5
623,David Ellis,1,56.0
624,David Evans,1,56.0
625,David Fairhead,1,56.0
626,David Feiss,1,46.0
627,David Frankel,2,62.5
628,David Frazee,1,19.0
629,David Gelb,2,59.5
630,David Gordon Green,2,59.5
631,David Grossman,1,33.0
632,David Grubin,1,18.0
633,David Guy Levy,1,49.0
634,David Hackl,1,43.0
635,David Hand,1,34.0
636,David Hayter,1,45.0
637,David Hemmings,2,12.0
638,David Hunt,1,72.0
639,David Jackson,2,43.5
640,David Kennard,1,62.0
641,David Koepp,1,61.0
642,David LaChapelle,1,75.0
643,David Lam,1,12.0
644,David M. Rosenthal,1,37.0
645,David Mackay,1,38.0
646,David Mackenzie,2,53.5
647,David Marmor,1,63.0
648,David Michôd,1,52.0
649,David Mickey Evans,1,33.0
650,David Miller,1,48.0
651,David Mirkin,1,60.0
652,"David Morris, Jacqui Morris",1,43.0
653,David Oelhoffen,1,43.0
654,David Ogden,1,10.0
655,David Pablos,1,56.0
656,David Paul Meyer,2,69.0
657,David Raymond,1,47.0
658,David Ross,1,45.0
659,David Schalko,1,13.0
660,David Semel,1,40.0
661,David Serrano,1,37.0
662,David Silberg,1,21.0
663,David Sington,1,78.0
664,David Slade,1,54.0
665,David Veloz,1,61.0
666,David Wain,1,63.0
667,David Wall,1,23.0
668,David Winters,1,56.0
669,David Wnendt,1,70.0
670,David Yarovesky,1,64.0
671,David Zeiger,1,39.0
672,David Zucker,1,33.0
673,Davis Guggenheim,3,73.66666666666667
674,Dawn Porter,1,57.0
675,Dean Cundey,1,43.0
676,Dean DeBlois,1,81.0
677,Dean Devlin,1,62.0
678,Dean Matthew Ronalds,1,21.0
679,Declan Dale,1,33.0
680,"Declan Donnellan, Nick Ormerod",1,44.0
681,Declan O'Brien,1,35.0
682,Dee Rees,1,83.0
683,Deepa Mehta,1,58.0
684,Demetri Martin,1,52.0
685,Denis Do,1,76.0
686,Denis Hennelly,1,45.0
687,Denis Villeneuve,1,67.0
688,Deniz Gamze Ergüven,1,38.0
689,Dennis Bartok,1,36.0
690,Dennis Dugan,3,51.333333333333336
691,Dennis Hopper,1,37.0
692,"Dennis Scholl, Kareem Tabsch",1,35.0
693,Dereck Joubert,1,15.0
694,Derek Peck,1,33.0
695,Derick Martini,1,41.0
696,Derrick Borte,1,35.0
697,Derrick Sims,1,16.0
698,Destin Daniel Cretton,1,84.0
699,Devashish Makhija,1,33.0
700,Devin Adair,1,15.0
701,Dewey Nicks,1,37.0
702,Dexter Fletcher,1,68.0
703,Dharmendra Suresh Desai,1,59.0
704,Dharmesh Darshan,1,45.0
705,Dhilip Kumar,1,35.0
706,Dianne Dreyer,1,17.0
707,Diarmuid Lawrence,1,34.0
708,Dibakar Banerjee,1,60.0
709,Dick Rickard,1,54.0
710,Diego Cohen,1,18.0
711,Diego Enrique Osorno,1,24.0
712,Diego Kaplan,1,34.0
713,Diego Lerman,1,21.0
714,Dilip Mehta,1,21.0
715,Dimitri Logothetis,1,38.0
716,Dinesh Vijan,1,36.0
717,Ding-Lin Wang,1,14.0
718,"Director Alex Winter goes inside the biggest global corruption scandal in history that was uncovered by hundreds of journalists, working in secret and at enormous risk.",1,62.0
719,"Director Jennifer Kent (""The Babadook"") tells the sweeping tale of a young woman's quest for revenge set in 1825 against the perilous and unforgiving terrain of Tasmania.",1,73.0
720,Dito Montiel,1,38.0
721,Domenico de Feudis,1,40.0
722,Dominic Sena,1,40.0
723,"Don Bitters, Geoff Reisner",1,24.0
724,Don Bluth,2,62.0
725,Don Chaffey,1,20.0
726,"Don Hall, Chris Williams",1,80.0
727,Don Hartman,1,7.0
728,Don McKellar,1,66.0
729,Don Medford,1,50.0
730,Don Michael Paul,3,47.666666666666664
731,Don Roos,1,67.0
732,Don Sharp,1,47.0
733,Don Siegel,1,82.0
734,Donald Petrie,2,53.5
735,Donick Cary,1,61.0
736,Donovan Cook,1,58.0
737,"Doron Paz, Yoav Paz",1,59.0
738,Doug Campbell,4,18.25
739,Douglas Attal,1,61.0
740,Douglas Barr,1,15.0
741,Douglas McGarth,1,72.0
742,Drake Doremus,1,62.0
743,Drew Casson,1,25.0
744,Drew Gabreski,1,33.0
745,Drew Heriot,1,45.0
746,Drew Waters,1,32.0
747,Duncan Jones,1,44.0
748,Dustin Marcellino,1,41.0
749,Dustin McKenzie,1,59.0
750,Duwayne Dunham,6,45.5
751,Dwight H. Little,1,44.0
752,Dwight Little,1,42.0
753,"Dylan Bank, Daniel DiMauro, Morgan Pehme",1,77.0
754,Dylan Howitt,1,44.0
755,Dylan Mohan Gray,1,42.0
756,Earl Bellamy,1,17.0
757,Ed Perkins,1,78.0
758,Ed Winfield,1,8.0
759,Edoardo Winspeare,1,10.0
760,Eduardo Roy Jr.,1,13.0
761,Edward Burns,1,41.0
762,Edward Drake,1,39.0
763,Edwin,2,30.5
764,Eeshwar Nivas,1,17.0
765,Ekachai Uekrongtham,1,50.0
766,Elaine McMillion Sheldon,1,63.0
767,Elan Bogarín & Jonathan Bogarín,1,68.0
768,"Elan Dassani, Rajeev Dassani",1,48.0
769,Eli Roth,1,51.0
770,Elia K. Schneider,1,23.0
771,Elio Petri,1,43.0
772,Elisa Fuksas,1,13.0
773,Elissa Down,1,62.0
774,Elite Zexer,1,70.0
775,Elizabeth Allen,1,66.0
776,"Elizabeth Rohrbaugh, Daniel Powell",1,49.0
777,"Elizabeth Vasarhelyi, Jimmy Chin",1,83.0
778,Elle Callahan,1,53.0
779,"Ellen Page, Ian Daniel",1,68.0
780,Ellie Kanner-Zuckerman,1,20.0
781,"Elliot Bour, Saul Blinkoff",1,57.0
782,Ellory Elkayem,1,22.0
783,Elvira Lind,1,57.0
784,Emanuel Hoss-Desmarais,1,51.0
785,Emelie Lindblom,1,48.0
786,Emil Ben-Shimon,1,77.0
787,Emilio Martínez Lázaro,1,46.0
788,Emily Aguilar,1,18.0
789,Emily Moss Wilson,1,31.0
790,Emmanuel Courcol,1,28.0
791,Emmanuel Mouret,1,62.0
792,"Emmanuel Osei-Kuffour,  Jr",1,76.0
793,Emmett Malloy,1,68.0
794,Enah Johnscott,1,14.0
795,Eric Bilitch,1,26.0
796,Eric Bross,1,53.0
797,Eric D. Cabello Díaz,1,22.0
798,"Eric Goode, Rebecca Chaiklin",1,68.0
799,Eric Hurt,1,28.0
800,Eric Meza,1,42.0
801,Ericson Core,1,80.0
802,Erik Bloomquist,2,27.0
803,Erik Canuel,1,35.0
804,Erik Nelson,1,69.0
805,Ernest R. Dickerson,1,74.0
806,Ernesto Diaz Espinoza,1,53.0
807,Ernst Gossner,1,20.0
808,Ernst Lubitsc,1,49.0
809,Esteban Crespo,2,36.0
810,Esteban Sapir,1,62.0
811,Esteban Vidal,1,8.0
812,Estela Renner,1,23.0
813,"Ethan Coen, Joel Coen",2,73.0
814,Ethan Hawke,1,73.0
815,Etienne Sauret,1,22.0
816,Eugenio Derbez,1,70.0
817,Eva Orner,1,70.0
818,Evan Katz,1,52.0
819,Evgeny Afineevsky,1,82.0
820,Eylem Kaftan,1,12.0
821,Eytan Rockaway,1,62.0
822,Ezhil,1,11.0
823,Fab Five Freddie,1,56.0
824,Fabrice Du Welz,1,55.0
825,Fajar Bustomi,1,15.0
826,"Fajar Bustomi, Pidi Baiq",2,37.5
827,Faozan Rizal,1,37.0
828,Farah Khan,2,71.5
829,Farah Nabulsi,1,54.0
830,Farhan Akhtar,2,72.0
831,Faris Godus,1,49.0
832,Farishad I. Latjuba,1,9.0
833,Fazila Allana,1,8.0
834,Federico Lemos,1,43.0
835,Federico Veiroj,2,29.0
836,Fei Xing,1,21.0
837,Felix Chong,1,22.0
838,"Felix Van Groeningen, Felix van Groeningen",1,54.0
839,"Femi Oyeniran, Kalvadour Peterson",1,20.0
840,"Femi Oyeniran, Nicky Slimting Walker",1,15.0
841,Ferdinando Cito Filomarino,1,50.0
842,Fermín Muguruza,1,10.0
843,Fernando Ayllón,1,13.0
844,Fernando Coimbra,1,53.0
845,Fernando González Molina,2,59.0
846,Fernando Lebrija,1,52.0
847,Fernando Meirelles,1,79.0
848,"Fernando Meirelles, Katia Lund",1,88.0
849,Ferzan Ozpetek,1,7.0
850,Filip Kovacevic,1,11.0
851,Filip Renc,1,32.0
852,Filip Zylber,1,39.0
853,Fisher Stevens,1,73.0
854,Florent Bodin,1,19.0
855,Florian Henckel von Donnersmarck,2,68.0
856,Fran Strine,1,52.0
857,Francesco Carnesecchi,1,22.0
858,Francesco Imperato,1,7.0
859,Francis Ford Coppola,2,59.5
860,Francis Megahy,1,15.0
861,Francisco Macri,1,49.0
862,Franck Phelizon,1,21.0
863,Franck Ribière,1,39.0
864,Frank Capra,1,71.0
865,"Frank Capra, John Huston, Hugh Stewart, Roy Boulting, Anthony Veiller",1,16.0
866,Frank Coraci,3,49.0
867,Frank E. Abney III,1,56.0
868,Frank Marshall,1,71.0
869,"Frank Marshall, Rob Minkoff",1,45.0
870,Frank McDonald,1,17.0
871,Frank Nissen,1,65.0
872,"Frank Oz, Jim Henson",1,73.0
873,Frank W Chen,1,16.0
874,Franklin J. Schaffner,1,67.0
875,Fred Dekker,1,67.0
876,Fred Durst,1,33.0
877,Fred Grivois,1,47.0
878,Fred M. Wilcox,1,79.0
879,Fred Olen Ray,1,16.0
880,Fred Schepisi,1,60.0
881,Fred Wolf,1,38.0
882,Fred Zinnemann,1,83.0
883,Freddie Francis,1,54.0
884,Frederick Cipoletti,1,14.0
885,Frederik Du Chau,1,42.0
886,Fritz Böhm,1,55.0
887,Frédéric Tcheng,1,72.0
888,G.J. Echternkamp,1,27.0
889,Gabe Klinger,1,55.0
890,"Gabriel Clarke, Torquil Jones",1,66.0
891,Gabriel Grieco,1,24.0
892,Gabriela Tagliavini,1,44.0
893,Gabriele Muccino,3,60.333333333333336
894,Galt Neiderhoffer,1,36.0
895,Gareth Evans,1,65.0
896,Garrett Batty,1,15.0
897,Garry Marshall,3,49.0
898,Garth Davis,1,60.0
899,Gary Burns,1,17.0
900,Gary Chapman,1,46.0
901,"Gary Cohen, Ross Hockrow",1,30.0
902,Gary Fleder,1,60.0
903,Gary Mak,1,15.0
904,Gary Michael Schultz,1,42.0
905,Gary Ross,2,68.0
906,Gary Rydstrom,1,50.0
907,"Gary Selvaggio, Paul Sabella",1,30.0
908,Gary Wheeler,1,28.0
909,Gary Winick,1,46.0
910,Gary Yates,1,48.0
911,Gaspar Antillo,1,66.0
912,Gaurav Seth,1,19.0
913,Gauravv K Chawla,1,39.0
914,Gauri Shinde,1,71.0
915,Gautam Joglekar,1,4.0
916,Gautham Menon,1,21.0
917,Gavin Fitzgerald,1,66.0
918,Geoff Anderson,2,19.5
919,Geoffrey Wright,1,68.0
920,Geordie Day,1,20.0
921,George Butler,1,41.0
922,George C. Wolfe,2,72.0
923,George Gallo,2,50.0
924,George Kaczender,1,19.0
925,George Mendeluk,1,9.0
926,George Stevens,1,45.0
927,George Tillman Jr.,1,75.0
928,George Ungar,1,44.0
929,George Waggner,1,41.0
930,Gerald Rascionato,1,15.0
931,Gerard Barrett,1,54.0
932,Gerardo Gatica,1,33.0
933,Gerardo Olivares,1,56.0
934,"Gervasio Iglesias, Alexis Morante",1,9.0
935,Gianfranco Rosi,1,71.0
936,Gianni Di Gregorio,1,24.0
937,Gideon Raff,2,44.5
938,Gil Cates Jr.,1,21.0
939,Gilles Paquet-Brenner,1,32.0
940,Gillian Armstrong,1,36.0
941,Gillian Grisman,1,34.0
942,Gillian Robespierre,1,74.0
943,"Giorgio Serafini, Shawn Sourgose",1,21.0
944,Gireesaaya,1,13.0
945,Glendyn Ivin,1,65.0
946,Glenn Gordon Caron,1,27.0
947,Glenn Miller,1,16.0
948,Gokul,1,20.0
949,Gonzalo Bendala,1,43.0
950,Gonzalo López-Gallego,1,41.0
951,Gordon Chan,1,52.0
952,Gordon Willis,1,42.0
953,Gore Verbinski,3,69.0
954,Graeme Campbell,1,18.0
955,Graeme Clifford,1,70.0
956,"Graham Phillips, Parker Phillips",1,34.0
957,Grant Heslov,1,59.0
958,"Grant S. Johnson, Ippsie Jones",1,15.0
959,Greg A. Sager,1,56.0
960,Greg Beeman,3,43.0
961,Greg Coolidge,1,46.0
962,Greg Dorchak,1,22.0
963,Greg Emetaz,1,20.0
964,Greg Kohs,1,85.0
965,Greg Kwedar,1,55.0
966,Greg MacGillivray,1,45.0
967,Greg McLean,1,62.0
968,Greg Mottola,1,79.0
969,Greg Pritikin,1,48.0
970,"Greg Rankin, TJ Sullivan",1,27.0
971,Greg Whiteley,1,58.0
972,Gregg Bishop,1,57.0
973,Gregg Champion,1,40.0
974,Gregory Gieras,1,4.0
975,Gregory Hatanaka,1,8.0
976,Gregory Hoblit,1,71.0
977,Gregory Jacobs,1,25.0
978,Gregory Lacava,1,84.0
979,Gregory Plotkin,1,46.0
980,Griff Furst,1,32.0
981,Griffin Dunne,1,77.0
982,Guillermo del Toro,1,72.0
983,Gurinder Chadha,2,68.0
984,Gurudev Bhalla,1,7.0
985,Gus Van Sant,2,56.5
986,Guy Ritchie,1,79.0
987,H. Bruce Humberstone,1,51.0
988,Habib Faisal,1,46.0
989,Haifaa Al-Mansour,1,69.0
990,Haissam Hussain,1,19.0
991,Hakan Algül,2,21.0
992,Hal Ashby,1,73.0
993,Ham Tran,1,11.0
994,Han Kwang Il,1,78.0
995,Hang-Jun Jang,1,77.0
996,"Hanns-Bruno Kammertöns, Vanessa Nöcker, Michael Wech",1,73.0
997,Hansal Mehta,2,43.5
998,Hanung Bramantyo,2,20.5
999,Harald Reinl,1,40.0
1000,Harish Vyas,1,19.0
1001,Harjit Singh,1,30.0
1002,Hark Tsui,1,62.0
1003,Harmesh Malhotra,1,16.0
1004,Harmony Korine,1,58.0
1005,Harold Cronk,1,35.0
1006,Harrison Smith,1,27.0
1007,"Harry Elfont, Deborah Kaplan",1,56.0
1008,"Harry Horner, John Beal",1,3.0
1009,"Harry Thomason, Nickolas Perry",1,27.0
1010,Harry Watt,1,14.0
1011,"Harvey Glazer, Stuart Stone",1,17.0
1012,Harvey Keith,1,1.0
1013,Harvey Lowry,1,35.0
1014,Hasan Karacadağ,1,25.0
1015,Hasraf Dulull,1,42.0
1016,Hatem Khraiche,1,56.0
1017,Heath Davis,1,19.0
1018,"Heber Cannon, Mariah Moore, Marston Sawyers",1,42.0
1019,Helena Coan,1,59.0
1020,Hemant Madhukar,1,20.0
1021,Henri Wong,1,12.0
1022,Henrik Martin Dahlsbakken,1,29.0
1023,Henrik Ruben Genz,1,44.0
1024,Henry Hathaway,1,81.0
1025,Henry Jaglom,1,20.0
1026,"Henry Joost, Ariel Schulman",1,56.0
1027,Henry Koster,1,74.0
1028,Henry Levin,1,71.0
1029,Henry Selick,1,72.0
1030,Herbert L. Strock,1,23.0
1031,Herbert Ross,2,53.5
1032,Hernán Zin,1,14.0
1033,Hikari,1,64.0
1034,"Hiroshi Aoyama, Kazumi Fukushima, Jim Stenstrum",1,79.0
1035,Hiroshi Katagiri,1,36.0
1036,Hitesh Kewalya,1,62.0
1037,Holger Tappe,1,40.0
1038,Holly Sloan,1,50.0
1039,Honey Trehan,1,69.0
1040,Hong Khaou,1,50.0
1041,Houda Benyamina,1,76.0
1042,Howard Hawks,1,83.0
1043,"Howard Hawks, William Wyler, Richard Rosson",1,46.0
1044,Howard Higgin,1,11.0
1045,Howard Hughes,1,44.0
1046,"Howard Kress, Harold F. Kress",1,11.0
1047,Howard McCain,1,52.0
1048,Hoyt Yeatman,1,45.0
1049,Hrishikesh Mukherjee,4,47.5
1050,Huang Hsin-Yao,1,37.0
1051,Huang Lei,1,27.0
1052,Hugh Hudson,1,47.0
1053,Hugh WIlson,1,62.0
1054,Hung Tsin-yin,1,47.0
1055,Huw Cordey,1,62.0
1056,Iain Softley,1,53.0
1057,Ian Cheney,1,55.0
1058,Ian Edelman,1,53.0
1059,Ian MacAllister McDonald,1,55.0
1060,Ian Olds,1,28.0
1061,Ian Samuels,1,67.0
1062,Ib Melchior,1,37.0
1063,Icíar Bollaín,1,76.0
1064,Ida Lupino,1,65.0
1065,"Ida Lupino, Elmer Clifton",1,38.0
1066,Ifa Isfansyah,1,9.0
1067,Iginio Straffi,2,28.0
1068,"Igor Kovalyov, Norton Virgien",1,61.0
1069,Ildiko Enyedi,1,78.0
1070,Ilya Naishuller,1,59.0
1071,Imtiaz Ali,3,56.666666666666664
1072,Indra Kumar,5,35.4
1073,Indrajit Nattoji,1,12.0
1074,Irek Dobrowolski,1,69.0
1075,Iris Shim,1,18.0
1076,Isaac Ezban,1,58.0
1077,"Isaac Florentine, Scott Adkins",1,55.0
1078,Isaac Halasima,1,38.0
1079,Isaac Rentz,1,60.0
1080,Isabel Coixet,1,57.0
1081,Israel Adrián Caetano,1,45.0
1082,Ivan Ayr,1,28.0
1083,Ivan Reitman,1,55.0
1084,Ivan Sen,1,68.0
1085,Ivan Silvestrini,1,48.0
1086,Ivona Juka,1,29.0
1087,Ivy Ho,1,19.0
1088,J. Lee Thompson,2,56.0
1089,J. Sabarish,1,77.0
1090,J.C. Chandor,1,72.0
1091,J.C. Falcón,1,34.0
1092,J.D. Dillard,1,65.0
1093,J.M. Berrios,1,56.0
1094,J.R. Sawyers,1,45.0
1095,J.T. Petty,1,53.0
1096,JD Cohen,1,59.0
1097,JJ Fredrick,1,33.0
1098,Jack C. Newell,1,32.0
1099,Jack Cutting,1,52.0
1100,Jack Donohue,1,50.0
1101,Jack Hannah,8,30.0
1102,Jack King,4,34.5
1103,Jack Kinney,4,37.75
1104,"Jack Kinney, W. Roberts, Hamilton Luske",1,63.0
1105,Jack Nicholson,1,53.0
1106,Jack Perez,1,60.0
1107,Jack Sholder,1,39.0
1108,Jack Topalian,1,45.0
1109,Jack Zagha Kababie,1,44.0
1110,Jacob Gentry,1,50.0
1111,Jacob Rosenberg,1,28.0
1112,Jacques Kluger,1,25.0
1113,Jagdeep Sidhu,1,39.0
1114,Jake Helgren,1,20.0
1115,Jakob Lass,1,9.0
1116,Jakob Verbruggen,1,75.0
1117,Jakub Piątek,1,41.0
1118,Jalil Lespert,2,31.5
1119,Jamal Hill,1,29.0
1120,James Algar,1,31.0
1121,James Cameron,1,81.0
1122,"James Cameron, Steven Quale",1,66.0
1123,James Cruze,1,14.0
1124,James D.R. Hickox,1,16.0
1125,James F. Collier,2,26.5
1126,James Gartner,1,69.0
1127,James Haslam,1,39.0
1128,James Ivory,1,61.0
1129,James Kent,1,44.0
1130,"James Kondelik, Jon Kondelik",1,18.0
1131,James L. Edwards,1,8.0
1132,James Manera,1,29.0
1133,James Mangold,1,73.0
1134,James McTeigue,1,52.0
1135,James Moll,1,83.0
1136,James Neilson,1,59.0
1137,James Orr,1,40.0
1138,James Sadwith,1,65.0
1139,James Schroeder,1,22.0
1140,James Shanks,1,5.0
1141,James Vasanthan,1,26.0
1142,James Wong,1,54.0
1143,James Yukich,1,35.0
1144,Jami,1,15.0
1145,Jan Komasa,1,72.0
1146,Jan Pinkava,1,79.0
1147,Jane Campion,1,83.0
1148,Jang Chang-won,1,55.0
1149,Jang Hoon,1,78.0
1150,"Jarrad Paul, Andrew Mogel",1,45.0
1151,Jasmin Dizdar,1,23.0
1152,Jasmine D'Souza,1,10.0
1153,Jason Cohen,1,63.0
1154,Jason Krawczyk,1,68.0
1155,Jason Paul Laxamana,1,8.0
1156,Jason Woliner,1,70.0
1157,Jason Zada,1,69.0
1158,Jason Zink,1,9.0
1159,Jaume Collet-Serra,2,63.0
1160,"Javier Ambrossi, Javier Calvo",1,65.0
1161,Javier Ruiz Caldera,2,52.5
1162,Jay Arnold,1,16.0
1163,Jay Bulger,1,31.0
1164,Jay Chandrasekhar,1,40.0
1165,Jay Chapman,5,27.4
1166,Jay Craven,1,14.0
1167,"Jay Duplass, Mark Duplass",1,65.0
1168,Jay Kanzler,1,11.0
1169,Jay Karas,7,48.42857142857143
1170,"Jay Karas, Demetri Martin",1,54.0
1171,Jay Lee,1,15.0
1172,Jay Oliva,1,70.0
1173,Jay Roach,3,62.333333333333336
1174,Jay Surridge,1,8.0
1175,Jayaprakash Radhakrishnan,1,21.0
1176,Jazz Boon,1,33.0
1177,Jean Paul Lal,1,46.0
1178,Jean-Claude Flamand-Barny,1,11.0
1179,Jean-Claude La Marre,2,18.5
1180,Jean-Francois Laguionie,1,18.0
1181,Jean-François Richet,1,69.0
1182,Jean-Marc Vallée,1,81.0
1183,Jean-Marie Pallardy,1,28.0
1184,Jean-Paul Salomé,1,59.0
1185,Jean-Pierre Devillers,1,6.0
1186,Jeannie Gaffigan,1,56.0
1187,Jeannot Szwarc,1,55.0
1188,"Jedd Wider, Todd Wider",1,69.0
1189,Jeethu Joseph,1,32.0
1190,Jeferson De,1,42.0
1191,Jeff Baena,1,50.0
1192,Jeff Blyth,1,31.0
1193,Jeff Deverett,1,22.0
1194,Jeff Garlin,1,48.0
1195,Jeff Gipson,1,24.0
1196,Jeff Gordon,1,21.0
1197,Jeff Kanew,1,23.0
1198,Jeff Nichols,1,73.0
1199,Jeff Orlowski,1,86.0
1200,Jeff Tomsic,1,51.0
1201,Jeff Wadlow,1,50.0
1202,"Jefferson Moore, Shane Sooter",1,24.0
1203,Jeffrey Bloom,1,43.0
1204,Jeffrey C. Bell,1,12.0
1205,Jeffrey G. Hunt,1,45.0
1206,Jeffrey Hornaday,2,65.0
1207,Jeffrey Nachmanoff,1,66.0
1208,Jeffrey Schwarz,1,67.0
1209,Jeffrey Travis,1,16.0
1210,Jeffrey Walker,1,67.0
1211,Jelle de Jonge,1,28.0
1212,Jen McGowan,1,62.0
1213,Jenn Page,1,71.0
1214,Jennifer Peedom,1,74.0
1215,Jeremiah Chechik,1,59.0
1216,Jeremiah S. Chechik,1,46.0
1217,Jeremy Grant,1,17.0
1218,Jeremy Kagan,1,11.0
1219,Jeremy Podeswa,1,68.0
1220,Jeremy Rush,1,65.0
1221,Jeremy Saulnier,3,68.66666666666667
1222,Jeremy Sims,1,66.0
1223,Jeremy Thomas,1,66.0
1224,Jerrold Tarog,1,43.0
1225,Jerry Rothwell,1,74.0
1226,"Jerry Rothwell, Reuben Atlas",1,76.0
1227,Jerry Seinfeld,1,21.0
1228,Jesse Peretz,1,63.0
1229,Jesse V. Johnson,4,62.75
1230,"Jesse V. Johnson, Jesse Johnson",1,57.0
1231,Jesse Warn,1,26.0
1232,Jesse Zwick,1,56.0
1233,Jessica Yu,1,37.0
1234,Jessie Nelson,1,62.0
1235,"Jevons Au, Zune Kwok, Chow Kwun-wai, Ng Ka-Leung, Wong Fei-Pang",1,56.0
1236,"Jill Bauer, Ronna Gradus",1,63.0
1237,Jill Sprecher,1,70.0
1238,Jillian Schlesinger,1,76.0
1239,Jim Abrahams,1,59.0
1240,Jim Capobianco,1,66.0
1241,Jim Fall,2,26.5
1242,Jim Henson,1,75.0
1243,Jim Hosking,1,53.0
1244,Jim Jarmusch,1,75.0
1245,"Jim Kammerud, Brian Smith",1,56.0
1246,Jim Monaco,1,17.0
1247,Jim Strouse,1,69.0
1248,"Jim Wheat, Ken Wheat",1,50.0
1249,Jimmy Henderson,1,42.0
1250,Jo Kastner,1,24.0
1251,Joachim Lafosse,1,35.0
1252,Joachim Rønning,1,62.0
1253,"Joachim Rønning, Espen Sandberg",2,63.0
1254,Joan Micklin Silver,1,10.0
1255,Joanna Hogg,1,71.0
1256,Joanne Hock,1,17.0
1257,Joaquín Mazón,1,30.0
1258,Joby Harold,1,55.0
1259,Jocelyn Moorhouse,1,64.0
1260,"Jodi Flynn, Brent Montgomery",1,37.0
1261,Jodie Foster,1,67.0
1262,Joe Berlinger,1,57.0
1263,Joe Boyd,1,39.0
1264,Joe Carnahan,1,56.0
1265,Joe Chappelle,1,33.0
1266,Joe Cornish,1,67.0
1267,Joe Dante,2,61.0
1268,Joe Johnston,1,62.0
1269,Joe Lynch,1,48.0
1270,Joe Mantello,1,70.0
1271,"Joe Murray, Cosmo Segurson",1,69.0
1272,Joe Newman,1,17.0
1273,Joe Nussbaum,3,46.333333333333336
1274,Joe Penna,1,59.0
1275,Joe Piscatella,1,77.0
1276,Joe Roth,1,40.0
1277,Joe Swanberg,1,64.0
1278,Joe Talbot,1,82.0
1279,"Joel Coen,  Ethan Coen",1,71.0
1280,"Joel Coen, Ethan Coen",1,79.0
1281,Joel Gallen,1,49.0
1282,Joel Hershman,1,58.0
1283,Joel Hopkins,1,48.0
1284,Joel Schumacher,1,37.0
1285,"Johane Matte, Andrew L. Schmidt, Francisco Ruiz Velasco",1,68.0
1286,Johannes Nyholm,1,37.0
1287,Johannes Roberts,1,53.0
1288,John A. Davis,1,63.0
1289,John Adams,1,68.0
1290,"John Adams, Toby Poser",1,7.0
1291,John Asher,4,26.75
1292,John Badham,2,51.5
1293,John Banas,1,17.0
1294,John Cherry,1,51.0
1295,John Cork,1,8.0
1296,John Crowley,1,55.0
1297,John David Moffat IV,1,9.0
1298,John Dower,1,56.0
1299,John Erick Dowdle,1,55.0
1300,John Ford,3,49.333333333333336
1301,John Fortenberry,1,23.0
1302,John Frankenheimer,1,38.0
1303,John G. Avildsen,2,52.5
1304,John Geddes,1,36.0
1305,"John Haptas, Kristine Samuelson",1,58.0
1306,John Herzfeld,1,21.0
1307,John Hillcoat,2,60.5
1308,John Huston,2,49.0
1309,John Hyams,1,33.0
1310,John Kafka,1,44.0
1311,John Korty,1,7.0
1312,John Laing,2,45.5
1313,John Lasseter,4,67.25
1314,John Lee Hancock,3,70.33333333333333
1315,John Lyde,1,38.0
1316,John Maclean,1,67.0
1317,John McKay,1,21.0
1318,John McTiernan,1,80.0
1319,John Murlowski,2,42.5
1320,"John Musker, Ron Clements",1,70.0
1321,John P. Gibson,1,9.0
1322,John Patrick Shanley,1,77.0
1323,John Pogue,2,48.0
1324,John Putch,1,38.0
1325,John Rawlins,1,6.0
1326,John Rich,1,47.0
1327,John Sayles,2,74.0
1328,John Scheinfeld,1,74.0
1329,John Shepphird,2,16.5
1330,John Stainton,1,55.0
1331,John Sturges,2,10.0
1332,John Suits,1,36.0
1333,John Wells,2,67.5
1334,"John Wynn, Akhtem Seitablaev",1,44.0
1335,John Zaritsky,1,22.0
1336,Johnnie To,5,46.6
1337,Johnny Kevorkian,1,50.0
1338,Johnny Martin,1,37.0
1339,"Johnny Meier, David Aaron Stone",1,7.0
1340,Jon Avnet,1,45.0
1341,Jon Favreau,1,67.0
1342,Jon Garcia,1,47.0
1343,Jon Hewitt,1,14.0
1344,Jon J. Whelan,1,34.0
1345,Jon Long,1,24.0
1346,"Jon Lucas, Scott Moore",2,50.0
1347,Jon M. Chu,1,47.0
1348,Jon Rosenbaum,2,20.5
1349,Jon S. Baird,1,62.0
1350,Jon Schnitzer,1,53.0
1351,Jon Sumple,1,16.0
1352,Jon Turteltaub,3,60.666666666666664
1353,Jon Watts,1,65.0
1354,Jonas Åkerlund,1,62.0
1355,Jonathan Augustin,1,27.0
1356,"Jonathan Dayton, Valerie Faris",1,82.0
1357,Jonathan Kaplan,1,58.0
1358,Jonathan Kasdan,1,62.0
1359,Jonathan Kaufman,1,33.0
1360,Jonathan Levine,1,49.0
1361,Jonathan Liebesman,1,44.0
1362,Jonathan Meyers,1,22.0
1363,Jonathan Prince,1,48.0
1364,Jonathan Teplitzky,1,66.0
1365,"Jonathan auf der Heide, Tony Ayres",1,39.0
1366,Joram Lürsen,1,35.0
1367,Jordan Ross,1,56.0
1368,Jordi Llompart,1,27.0
1369,Jorge Blanco,1,50.0
1370,Jorge Dorado,1,54.0
1371,Jorge M. Fontana,1,15.0
1372,Jorge R. Gutiérrez,1,77.0
1373,Jos Humphrey,1,28.0
1374,Jose Montesinos (Frenzy),1,15.0
1375,Josef Fares,1,39.0
1376,Joseph Cross,1,47.0
1377,Joseph H. Lewis,1,57.0
1378,Joseph Hsu,1,52.0
1379,Joseph Kane,1,24.0
1380,Joseph Ruben,1,8.0
1381,Joseph Sargent,1,14.0
1382,Joseph V. Mascelli,1,16.0
1383,Josh Bailey,1,10.0
1384,Josh Cooley,1,84.0
1385,Josh F. Huber,1,27.0
1386,Josh Greenbaum,1,52.0
1387,Josh Mendoza,1,44.0
1388,"Josh Safdie, Benny Safdie",1,78.0
1389,Josh Webber,1,17.0
1390,"Josh Z. Weinstein, Joshua Z. Weinstein",1,75.0
1391,Joshua Rofé,1,69.0
1392,Joshua Sanchez,1,9.0
1393,Joshua Zeman,1,64.0
1394,Joyce Bernal,2,9.5
1395,Joyce Chopra,1,40.0
1396,Juan Antin,1,40.0
1397,Juan Camilo Pinzon,1,10.0
1398,Juan Carlos Medina,1,45.0
1399,Juan Carlos Valdivia,1,23.0
1400,Juan Pablo Buscarini,1,44.0
1401,Judah Friedlander,1,47.0
1402,Julia Dyer,1,16.0
1403,Julia Hart,2,68.0
1404,Julia Knowles,1,31.0
1405,Julia von Heinz,1,52.0
1406,Julian Jarrold,2,65.5
1407,Julie Dash,1,74.0
1408,Julie Robinson,1,55.0
1409,Julie Taymor,1,72.0
1410,Julien Leclercq,2,43.5
1411,Julien Royal,1,19.0
1412,Julius Avery,1,60.0
1413,July Hygreck,1,15.0
1414,Jun Falkenstein,1,63.0
1415,Jun Lana,2,27.0
1416,Just Philippot,1,55.0
1417,Justin Baldoni,1,68.0
1418,"Justin Benson, Aaron Moorhead",2,70.5
1419,Justin Chadwick,2,54.0
1420,Justin Chon,1,70.0
1421,Justin G. Dyck,2,26.0
1422,Justin Kelly,1,56.0
1423,Justin Lee,1,44.0
1424,Justin Lin,1,75.0
1425,Justin McConnell,1,54.0
1426,"Jérémie Degruson, Ben Stassen",1,48.0
1427,K. Rajagopal,1,10.0
1428,K. Ravi Shankar,1,6.0
1429,K. S. Manikandan,1,12.0
1430,K. S. Ravikumar,1,10.0
1431,K. Subhash,1,10.0
1432,KS Ravindra(Bobby),1,12.0
1433,Ka-Wai Kam,1,67.0
1434,Kabir Bhatia,1,13.0
1435,Kabir Khan,2,46.5
1436,Kacho López Mari,1,7.0
1437,Kader Aoun,1,22.0
1438,Kamala Lopez,1,29.0
1439,Karan Johar,3,72.33333333333333
1440,Karel Reisz,1,76.0
1441,Karen J. Lloyd,1,8.0
1442,Karen Leigh Hopkins,1,44.0
1443,Karen Maine,1,68.0
1444,Kari Skogland,1,35.0
1445,"Karim Amer, Jehane Noujaim",1,71.0
1446,Karl Geurs,1,62.0
1447,Karthik Subbaraj,1,44.0
1448,Karzan Kader,1,42.0
1449,Kaspar Astrup Schröder,1,35.0
1450,Kasper Barfoed,1,52.0
1451,Kasper Collin,1,78.0
1452,Kasra Farahani,1,55.0
1453,Katharine Emmer,1,24.0
1454,Katherine Brooks,1,59.0
1455,Katherine Dieckmann,1,58.0
1456,"Katy Chevigny, Ross Kauffman",1,41.0
1457,Kavi Raz,1,22.0
1458,Keanu Reeves,1,62.0
1459,Kees Van Oostrum,1,20.0
1460,Keiichi Hara,1,69.0
1461,Keishi Otomo,1,80.0
1462,Keith Bearden,1,33.0
1463,"Keith Fulton, Louis Pepe",1,75.0
1464,Keith Samples,1,25.0
1465,Keith Scholey,2,18.0
1466,Kelly Asbury,1,57.0
1467,Kelly Duane de la Vega,1,65.0
1468,Kelly Fremon Craig,1,79.0
1469,"Kelly Noonan Gores, Adam Schomer",1,50.0
1470,Kemi Adetiba,2,16.0
1471,Ken Annakin,1,29.0
1472,Ken Ghosh,2,35.0
1473,Ken Hughes,2,65.5
1474,Ken Kushner,1,20.0
1475,Ken Kwapis,1,65.0
1476,Ken Russell,1,61.0
1477,Ken Scott,1,61.0
1478,Kenneth Branagh,2,47.5
1479,Kenny Golde,1,8.0
1480,Kenny Leon,1,52.0
1481,Kenny Ortega,2,64.0
1482,Keoni Waxman,3,36.0
1483,Kepa Sojo,1,25.0
1484,Kerry Mondragon,1,49.0
1485,Kerstin Karlhuber,1,60.0
1486,Ketan Mehta,1,24.0
1487,Keva Rosenfeld,1,64.0
1488,Kevan Peterson,1,25.0
1489,"Kevin Booth, David Johndrow",1,50.0
1490,Kevin Bray,1,10.0
1491,Kevin Connolly,1,41.0
1492,Kevin Costner,1,82.0
1493,Kevin Donovan,1,43.0
1494,Kevin Hooks,2,58.0
1495,Kevin Lima,1,75.0
1496,Kevin MacDonald,1,78.0
1497,Kevin Macdonald,2,67.0
1498,Kevin McMullin,1,66.0
1499,Kevin Phillips,1,9.0
1500,"Kevin R. Adams, Joe Ksander",1,70.0
1501,Kevin Shulman,1,10.0
1502,Kevin Smith,1,49.0
1503,Kevin Tenney,1,14.0
1504,Kevin Tostado,1,35.0
1505,Kevin VanHook,1,13.0
1506,Khaled Marei,3,40.0
1507,Khalid Mohamed,1,36.0
1508,Kheiron,2,46.5
1509,Kief Davidson,1,43.0
1510,"Kief Davidson, Richard Ladkani",1,76.0
1511,Kieran Darcy-Smith,2,50.0
1512,Kike Maíllo,2,56.5
1513,"Kiko Cruz Claverol, Patricia Font",1,14.0
1514,Kim A. Snyder,1,76.0
1515,Kim Jee-woon,1,50.0
1516,Kim Nguyen,1,65.0
1517,Kim Sung-ho,1,22.0
1518,Kim Tae-hyung,1,50.0
1519,King Baggot,1,34.0
1520,"Kip Andersen, Keegan Kuhn",1,80.0
1521,Kirati Nakintanon,1,6.0
1522,Kirby Dick,1,76.0
1523,Kirk Douglas,1,43.0
1524,Kishore Tirumala,1,25.0
1525,Kittiphak Thonguam,1,12.0
1526,Kitty Green,1,64.0
1527,Klaus Menzel,1,10.0
1528,Klay Hall,1,48.0
1529,Kongkiat Komesiri,1,38.0
1530,Kornél Mundruczó,1,71.0
1531,Kranti Kanade,1,22.0
1532,Kris Pearn,1,70.0
1533,Krish,1,51.0
1534,Krishnan Jayaraj,1,8.0
1535,"Kristi Jacobson, Lori Silverbush",1,73.0
1536,Kristine Stolakis,1,71.0
1537,Krysia Plonka,1,32.0
1538,Kunal Kohli,1,74.0
1539,Kundan Shah,2,42.5
1540,Kyle Newacheck,1,44.0
1541,Kyle Newman,1,46.0
1542,Kyle Patrick Alvarez,1,67.0
1543,Kyle Rankin,1,24.0
1544,Kyle Rideout,1,54.0
1545,Kyoko Miyake,1,59.0
1546,L. Frazier,1,8.0
1547,LP,1,40.0
1548,"Lana Wachowski, Lilly Wachowski",1,45.0
1549,Lana Wilson,1,78.0
1550,Lance Bangs,5,49.6
1551,Lance Hammer,1,51.0
1552,Lance Hool,1,51.0
1553,Larry Charles,1,44.0
1554,Larry Latham,1,33.0
1555,Laslo Benedek,1,17.0
1556,Lasse Hallström,3,58.666666666666664
1557,"Lasse Hallström, Joe Johnston",1,46.0
1558,"Latif Faiziyev, Umesh Mehra",1,25.0
1559,Laura Brownson,1,54.0
1560,Laura Fairrie,1,33.0
1561,Lauren Greenfield,1,61.0
1562,Lauren MacMullan,1,73.0
1563,Lauren Miller Rogen,1,56.0
1564,Laxman Utekar,2,57.0
1565,Laïla Marrakchi,1,38.0
1566,Le Van Kiet,1,70.0
1567,Le Var Burton,1,36.0
1568,Leandro Neri,1,43.0
1569,Lech Majewski,1,55.0
1570,Lee Eung-bok,1,86.0
1571,Lee Friedlander,1,36.0
1572,Lee Jeong-beom,1,43.0
1573,Lee Kae-byeok,1,44.0
1574,Lee Kirk,1,49.0
1575,Lee Shallat Chemel,1,20.0
1576,Lee Tamahori,1,54.0
1577,Lee Unkrich,1,88.0
1578,Lee Yoon-jung,1,69.0
1579,Leena Yadav,3,18.666666666666668
1580,Lekh Tandon,1,4.0
1581,Lena Khan,2,57.0
1582,Lenin Bharathi,1,29.0
1583,Lennart Ruff,1,38.0
1584,Leo Matsuda,1,77.0
1585,Leo Riley,1,48.0
1586,"Leo Scott, Ting Poo",1,77.0
1587,Leonid Gaidai,1,75.0
1588,Leos Carax,1,72.0
1589,Les Mayfield,2,38.5
1590,Leslie Small,3,43.666666666666664
1591,Leste Chan,1,42.0
1592,Letia Clouston,1,41.0
1593,Letizia Lamartire,1,54.0
1594,Lev L. Spiro,1,64.0
1595,Lev Spiro,1,52.0
1596,Levan Tsikurishvili,1,77.0
1597,Lewis Milestone,1,24.0
1598,"Lewis Milestone, Carol Reed",1,65.0
1599,Li Jun,1,18.0
1600,Li Weiran,1,50.0
1601,Lilibet Foster,1,68.0
1602,"Lilly Wachowski, Lana Wachowski",3,71.33333333333333
1603,"Lilly Wachowski, Lana Wachowski, Tom Tykwer",1,71.0
1604,Linas Phillips,1,56.0
1605,Linda G. Mills,1,50.0
1606,Linda Mendoza,2,52.5
1607,Linda Otto,1,11.0
1608,"Linda Saffire, Adam Schlesinger",1,37.0
1609,Lionel C. Martin,1,38.0
1610,Lisa Ellzey,1,55.0
1611,Lisa Gottlieb,1,5.0
1612,Lisa Zi Xiang,1,28.0
1613,Liu Chia-liang,1,35.0
1614,Liz Garbus,1,77.0
1615,"Liz Garbus, Lisa Cortes",1,78.0
1616,Liz Plonka,1,64.0
1617,Liz Tuccillo,1,51.0
1618,Lloyd Corrigan,1,11.0
1619,Lo Wei,1,74.0
1620,Lokesh Kanagaraj,1,61.0
1621,Lone Scherfig,1,55.0
1622,Lorcan Finnegan,1,54.0
1623,Louie Psihoyos,1,78.0
1624,Louie Schwartzberg,1,80.0
1625,Louis C.K.,2,80.5
1626,Louis J. Horvitz,1,35.0
1627,Louis Leterrier,1,50.0
1628,Louis Morneau,1,29.0
1629,"Luca Boni, Marco Ristori",1,17.0
1630,Luca Guadagnino,1,69.0
1631,Lucas Margutti,2,11.0
1632,Lucas Santa Ana,1,38.0
1633,Lucien Bourjeily,1,20.0
1634,Lucky McKee,1,62.0
1635,Ludovic Bernard,1,67.0
1636,"Luis Alberto Restrepo, Andrés Beltrán, Jaime Rayo",1,32.0
1637,Luis Alejandro Berdejo,1,44.0
1638,Luis Ara,1,12.0
1639,Luis Buñuel,1,85.0
1640,Luis Estrada,1,64.0
1641,Luis Javier Henaine,1,43.0
1642,"Luis Lopez, Clay Tweel",1,50.0
1643,Luis Puenzo,1,54.0
1644,Luis Valdez,1,37.0
1645,Luke Snellin,1,57.0
1646,Lulu Wang,1,84.0
1647,Lynn Roth,1,30.0
1648,Lynn Shelton,1,60.0
1649,Lynne Ramsay,1,76.0
1650,"Lyric R. Cabral, David Felix Sutcliffe",1,74.0
1651,M. Night Shyamalan,1,45.0
1652,Maciej Dejczer,1,17.0
1653,Macon Blair,1,73.0
1654,"Madeleine Parry, Jon Olb",1,76.0
1655,Madhur Bhandarkar,2,36.0
1656,Madonne Ashwin,1,52.0
1657,Mae Czarina Cruz,2,19.0
1658,Mahesh Bhatt,3,24.333333333333332
1659,Mahesh Manjrekar,1,17.0
1660,Mahesh Narayan,1,56.0
1661,Mahesh Narayanan,1,67.0
1662,Mahmoud Karim,1,10.0
1663,Mahmoud al Massad,1,12.0
1664,Maite Ruiz De Austri,1,32.0
1665,Makoto Shinkai,1,75.0
1666,Malcolm D. Lee,1,51.0
1667,Malcolm Venville,1,49.0
1668,Malik Bendjelloul,1,86.0
1669,Mamoru Hosoda,1,73.0
1670,Mandeep Kumar,1,35.0
1671,Maneesh Sharma,2,56.5
1672,Mangesh Hadawale,1,14.0
1673,Mani Ratnam,2,61.0
1674,Manimaran,1,18.0
1675,Manjari Makijany,1,32.0
1676,Mann Robinson,1,7.0
1677,Manny Coto,1,53.0
1678,Manny Rodriguez,2,47.5
1679,Manolo Caro,1,61.0
1680,Manu Ashokan,1,53.0
1681,Manu Warrier,1,44.0
1682,Mar Targarona,1,54.0
1683,"MarVista Entertainment,  Inc.",1,7.0
1684,Marah Strauch,1,70.0
1685,Marc Evans,1,9.0
1686,Marc Forster,2,64.5
1687,Marc Fouchard,1,31.0
1688,Marc Meyers,1,52.0
1689,Marc Vigil,1,46.0
1690,Marc Webb,1,50.0
1691,Marcel Barrena,1,70.0
1692,Marcelo Galvão,1,46.0
1693,Marcelo González,1,8.0
1694,Marco Risi,1,15.0
1695,Marco Schnabel,1,31.0
1696,Marcos Bucay,1,14.0
1697,Marcos Carnevale,1,28.0
1698,Marcus Clarke,1,75.0
1699,Marcus Nispel,1,47.0
1700,Marcus Raboy,10,38.6
1701,Marek Kanievska,1,15.0
1702,Maria Pulera,1,41.0
1703,Maria Ripoll,1,41.0
1704,Marianna Palka,1,51.0
1705,Marie Madinier,1,22.0
1706,Marina Seresesky,1,29.0
1707,Mario Andreacchio,1,23.0
1708,Mario Briongos,1,31.0
1709,Mario N. Bonassin,1,5.0
1710,Mario Rouleau,1,27.0
1711,Mario Van Peebles,1,44.0
1712,Maris Curran,1,42.0
1713,Marita Grabiak,1,20.0
1714,Mark A.Z. Dippé,1,32.0
1715,"Mark A.Z. Dippé, Kyung Ho Lee",1,35.0
1716,"Mark Andrews, Brenda Chapman",1,72.0
1717,Mark Atkins,1,22.0
1718,"Mark Benjamin, Marc Levin",1,23.0
1719,Mark Dindal,2,64.5
1720,Mark Dippé,3,48.666666666666664
1721,"Mark Franchetti, Andrew Meier",1,46.0
1722,Mark Helfrich,1,40.0
1723,Mark Lewis,2,50.5
1724,Mark O'Connor,1,53.0
1725,Mark Obenhaus,1,25.0
1726,Mark Osborne,1,79.0
1727,Mark Palansky,1,51.0
1728,Mark Polonia,1,10.0
1729,Mark Robson,4,26.25
1730,Mark Rosman,1,46.0
1731,Mark Sawers,1,39.0
1732,Mark Steven Johnson,1,49.0
1733,Mark Toia,1,54.0
1734,Mark Tonderai,1,43.0
1735,Mark Waters,2,68.5
1736,Maroun Baghdadi,1,19.0
1737,Marshall Cook,1,31.0
1738,Marta Cunningham,1,49.0
1739,"Martha Kehoe, Joan Tosni",1,36.0
1740,Martin Brest,1,80.0
1741,Martin Campbell,3,63.666666666666664
1742,Martin Johnson,1,11.0
1743,Martin Krejcí,1,64.0
1744,Martin Owen,1,41.0
1745,Martin Prakkat,1,62.0
1746,Martin Ritt,1,66.0
1747,Martin Scorsese,5,79.8
1748,Martin Weisz,1,32.0
1749,Martin Wood,1,52.0
1750,Marty Callner,1,71.0
1751,Martín Sastre,1,15.0
1752,Mary Harron,1,74.0
1753,Mary Lambert,1,64.0
1754,Marya Cohn,1,59.0
1755,María Jose Cuevas,1,44.0
1756,Masaaki Yuasa,2,73.5
1757,Massimiliano Camaiti,1,39.0
1758,"Mastan Alibhai Burmawalla, Abbas Alibhai Burmawalla",1,57.0
1759,Mateo Gil,2,53.0
1760,Matheus Souza,1,46.0
1761,"Mathias Malzieu, Stéphane Berla",1,71.0
1762,Mathieu Ratthe,1,28.0
1763,Mati Diop,1,77.0
1764,"Matt Angel, Suzanne Coote",1,27.0
1765,Matt Aselton,1,54.0
1766,Matt Drummond,2,29.5
1767,Matt Eskandari,1,42.0
1768,Matt Green,1,19.0
1769,Matt Johnson,1,61.0
1770,Matt Kay,1,28.0
1771,Matt Mitchell,1,16.0
1772,Matt Ogens,1,63.0
1773,Matt Ross,1,73.0
1774,Matt Thompson,1,50.0
1775,Matt Toronto,1,37.0
1776,"Matt Villines, Oz Rodriguez",1,35.0
1777,Matt Wechsler,1,25.0
1778,Matthew B.C.,1,62.0
1779,Matthew Diamond,1,59.0
1780,Matthew Leutwyler,1,13.0
1781,Matthew Robbins,1,68.0
1782,Matthew Ross,1,56.0
1783,Matthew Salleh,1,30.0
1784,Matthew Thompson,1,23.0
1785,Matthew Vaughn,2,75.0
1786,Matías Gueilburt,1,77.0
1787,Maurice Joyce,1,43.0
1788,Mauricio Eça,2,56.5
1789,"Max Lang, Jani Lachauer",1,72.0
1790,Max Martini,1,52.0
1791,Max McGill,1,5.0
1792,Max McGuire,1,8.0
1793,Max Nichols,1,55.0
1794,Max Strand,1,23.0
1795,Maximilian Erlenwein,1,56.0
1796,Maxwell McGuire,1,49.0
1797,Maya Forbes,1,61.0
1798,Maz Jobrani,1,20.0
1799,Maïwenn,1,47.0
1800,McG,3,55.666666666666664
1801,Megan Griffiths,1,69.0
1802,Mehran C. Torgoley,1,28.0
1803,Meltem Bozoflu,1,16.0
1804,Menno Meyjes,1,66.0
1805,Merawi Gerima,1,70.0
1806,"Micaela Wittman, Arthur De Larroche",1,39.0
1807,Micha Wald,1,16.0
1808,Michael A. Nickles,2,28.0
1809,Michael A. Simpson,1,53.0
1810,Michael Anderson,1,65.0
1811,Michael Barnett,1,38.0
1812,Michael Bay,1,53.0
1813,Michael Berz,1,28.0
1814,Michael Blieden,1,63.0
1815,Michael Buster,1,9.0
1816,Michael Cooney,1,43.0
1817,Michael Crichton,1,41.0
1818,Michael Cuesta,2,62.0
1819,Michael Curtiz,1,34.0
1820,Michael Del Monte,1,50.0
1821,Michael Dominic,1,28.0
1822,Michael Dowse,1,69.0
1823,Michael Drumm,1,63.0
1824,Michael Epstein,1,48.0
1825,Michael Feifer,3,16.0
1826,Michael Fimognari,1,59.0
1827,Michael G. Cooney,1,44.0
1828,Michael Gottlieb,1,33.0
1829,Michael Gracey,1,72.0
1830,Michael Grossman,1,65.0
1831,Michael Harte,1,53.0
1832,Michael J. Bassett,1,57.0
1833,Michael J.F. Scott,1,17.0
1834,Michael Jai White,1,57.0
1835,Michael Kampa,1,27.0
1836,"Michael Kerry Matthews, Thomas Matthews",1,25.0
1837,Michael Lange,1,38.0
1838,Michael Larnell,1,61.0
1839,Michael Lembeck,2,54.5
1840,Michael Lindsay-Hogg,1,59.0
1841,Michael Lockshin,1,66.0
1842,Michael M. Scott,1,47.0
1843,Michael Mason,1,45.0
1844,Michael Mazzola,1,68.0
1845,Michael McGowan,1,75.0
1846,Michael Moore,2,56.0
1847,Michael O. Sajbel,1,63.0
1848,Michael Oblowitz,1,28.0
1849,"Michael Palmieri, Donal Mosher",1,27.0
1850,Michael Paul Stephenson,1,45.0
1851,Michael Polish,1,33.0
1852,Michael Radford,1,41.0
1853,Michael Ritchie,2,48.5
1854,Michael Samuels,1,17.0
1855,Michael Showalter,1,48.0
1856,Michael Simon,1,36.0
1857,"Michael Simon, Matthew McNeil",1,32.0
1858,"Michael Spierig, Peter Spierig",1,46.0
1859,Michael Tiddes,3,42.333333333333336
1860,Michael Walker,1,41.0
1861,Michael Winterbottom,3,57.666666666666664
1862,Michel Poulette,1,40.0
1863,Michelle Danner,1,8.0
1864,Michelle MacLaren,1,47.0
1865,Michihito Fujii,1,59.0
1866,Michèle Ohayon,1,10.0
1867,Mick Davis,1,33.0
1868,Mick Jackson,1,51.0
1869,Midhun Manuel Thomas,1,26.0
1870,Miguel Alexandre,1,39.0
1871,Miguel Arteta,1,61.0
1872,Miguel Morayta,1,8.0
1873,Miguel Ángel Lamata,1,54.0
1874,Miguel Ángel Vivas,1,64.0
1875,Mikael Håfström,1,51.0
1876,Mike Bencivenga,1,17.0
1877,Mike Binder,2,70.5
1878,Mike Clattenburg,3,48.0
1879,Mike Disa,1,45.0
1880,"Mike Diva, Akiva Schaffer",1,72.0
1881,Mike Elliott,1,36.0
1882,"Mike Fetterly, Steve Sacks",1,60.0
1883,Mike Flanagan,2,66.0
1884,"Mike Gabriel, Eric Goldberg",1,65.0
1885,Mike Gunther,1,19.0
1886,Mike Hodges,1,74.0
1887,Mike Mendez,1,54.0
1888,Mike Mills,1,80.0
1889,Mike Mitchell,1,63.0
1890,Mike Newell,1,55.0
1891,Mike Nichols,2,78.0
1892,Mike Nicoll,1,17.0
1893,Mike Ockrent,1,34.0
1894,Mike Robe,1,14.0
1895,Mike Rohl,1,53.0
1896,"Mike Smith, John Paul Tremblay, Robb Wells",1,8.0
1897,Mike Thurmeier,1,46.0
1898,Mikhail Red,3,36.666666666666664
1899,Mikhil Musale,1,23.0
1900,Mikkel Brænne Sandemose,1,33.0
1901,"Mila Aung-Thwin, Van Royko",1,38.0
1902,Milap Milan Zaveri,1,23.0
1903,Milap Zaveri,1,42.0
1904,Miloš Forman,1,59.0
1905,Milton Katselas,1,63.0
1906,Milton Kremer,1,58.0
1907,Mimi Leder,1,53.0
1908,Mira Nair,1,79.0
1909,Mitch Dickman,1,59.0
1910,Mitch Schauer,1,34.0
1911,Mitchell Lichtenstein,1,59.0
1912,"Mitzi Vanessa Arreola, Amir Galvan Cervera",1,35.0
1913,Mohan Raja,1,44.0
1914,Mohit Suri,2,48.5
1915,Monfery Dominique,1,68.0
1916,Monika Mitchell,1,56.0
1917,Morgan J. Freeman,1,55.0
1918,Morgan Murphy,1,9.0
1919,"Morgan Neville, Robert Gordon",1,79.0
1920,Morgan Spurlock,2,57.0
1921,Mrighdeep Lamba,1,37.0
1922,Mukul Abhyankar,1,20.0
1923,Murat Kepez,1,41.0
1924,Musthafa,1,43.0
1925,"Myles Kane, Josh Koury",1,64.0
1926,Myles Sorensen,1,5.0
1927,"Måns Mårlind, Björn Stein",1,5.0
1928,N. Linguswamy,2,29.5
1929,Na Hyeon,1,45.0
1930,Nabil Ayouch,1,46.0
1931,Nacho G. Velilla,1,53.0
1932,Nagesh Kukunoor,3,44.333333333333336
1933,"Nana Ekvtimishvili, Simon Gross",1,82.0
1934,"Nanfu Wang, Jialing Zhang",1,80.0
1935,Naranippuzha Shanavas,1,14.0
1936,Naresh Malhotra,1,27.0
1937,Naseef Yusuf Izuddin,1,31.0
1938,Natalie Portman,1,60.0
1939,Natasha Lyonne,1,39.0
1940,"Nate Adams, Adam Carolla",1,24.0
1941,Nathan Greno,1,40.0
1942,"Nathan Greno, Byron Howard",1,80.0
1943,Nathan Morlando,1,61.0
1944,"Nathanael Wiseman, Robert Osman",1,28.0
1945,Nathaniel Atcheson,1,38.0
1946,Navdeep Singh,2,43.5
1947,Navot Papushado,1,56.0
1948,Neal Brennan,2,68.5
1949,Neeraj Pandey,1,77.0
1950,Neeraj Vora,1,65.0
1951,Neil Abramson,1,36.0
1952,Neil Diamond,1,56.0
1953,Neil Gelinas,1,21.0
1954,Neil Jordan,2,54.5
1955,Neil LaBute,1,56.0
1956,Neil Marshall,1,77.0
1957,Neill Blomkamp,1,79.0
1958,Nelson McCormick,1,34.0
1959,Neville Shah,1,19.0
1960,Niall Johnson,1,26.0
1961,Niall MacCormick,1,35.0
1962,Nic Mathieu,1,63.0
1963,Nicholas Danko,1,21.0
1964,Nicholas Hytner,1,65.0
1965,Nicholas Ray,1,84.0
1966,Nicholas Stoller,1,64.0
1967,Nicholas Winter,1,27.0
1968,"Nick Bicanic, Jason Bourque",1,34.0
1969,Nick Budabin,1,33.0
1970,Nick Castle,1,57.0
1971,Nick Gomez,2,47.0
1972,Nick Love,1,46.0
1973,Nick Moore,1,61.0
1974,Nick Simon,1,45.0
1975,Nick Weiss,1,18.0
1976,Nicolas Bary,1,37.0
1977,Nicolas Gessner,1,69.0
1978,Nicolas Winding Refn,1,46.0
1979,Niki Caro,1,68.0
1980,Nikolai Lebedev,1,28.0
1981,Nikolay Lebedev,1,54.0
1982,Nima Nourizadeh,1,52.0
1983,Nina May,1,16.0
1984,Nir Paniry,1,55.0
1985,Nisha Ganatra,1,71.0
1986,Nishikant Kamat,3,62.333333333333336
1987,Noah Baumbach,4,76.5
1988,"Noah Baumbach, Jake Paltrow",1,82.0
1989,Noam Murro,1,54.0
1990,Noor Imran Mithu,1,12.0
1991,Nora Ephron,1,69.0
1992,Nora Fingscheidt,1,83.0
1993,Nora Twomey,1,81.0
1994,Norberto López Amado,1,46.0
1995,Noriaki Yuasa,2,32.5
1996,Noriyuki Abe,1,68.0
1997,"Norm Hiscock, Gary Howsam, Mike Smith, John Paul Tremblay, Robb Wells",1,68.0
1998,Norman Foster,1,45.0
1999,Norman Jewison,2,53.0
2000,Norman Krasna,1,15.0
2001,Norman McLeod,1,10.0
2002,Norman Taurog,1,52.0
2003,Norman Tokar,2,61.0
2004,Noviandra Santosa,1,18.0
2005,Nuel Naval,1,18.0
2006,Numa Perrier,1,38.0
2007,Nupur Asthana,2,42.5
2008,Olaf Ittenbach,1,11.0
2009,Ole Bornedal,1,74.0
2010,Oleg Malamuzh,1,41.0
2011,Oleg Stepchenko,1,44.0
2012,Oliver Bokelberg,1,13.0
2013,Oliver Parker,1,53.0
2014,Oliver Schmitz,1,47.0
2015,Olivia Cappuccini,1,25.0
2016,Olivia M. Lamasan,1,30.0
2017,Olivia Newman,1,72.0
2018,Olivier Assayas,1,53.0
2019,Olivier Marchal,2,38.0
2020,Omung Kumar,1,33.0
2021,Oriol Paulo,1,83.0
2022,Orlando von Einsiedel,2,81.0
2023,Orson Welles,1,77.0
2024,Oscar Micheaux,1,57.0
2025,Osgood Perkins,1,49.0
2026,"Otto Brower, Christy Cabanne",1,20.0
2027,Owen Egerton,1,52.0
2028,Oz Rodriguez,1,61.0
2029,Ozan Açıktan,3,35.0
2030,P. J. Pesce,1,39.0
2031,P. Vasu,1,57.0
2032,P.J. Hogan,1,53.0
2033,P.S. Mithran,1,28.0
2034,PJ Raval,1,36.0
2035,Pablo Giorgelli,1,35.0
2036,Pablo Larraín,1,71.0
2037,"Pablo Lejarreta, Luis Alfaro",1,71.0
2038,"Pablo Stoll, Juan Pablo Rebella",1,67.0
2039,Paco Plaza,1,64.0
2040,Padraig Reynolds,1,35.0
2041,Page Hurwitz,1,22.0
2042,Paige Goldberg Tolmach,1,34.0
2043,Pan Nalin,1,50.0
2044,Pandiraj,2,39.0
2045,Pankaj Batra,1,16.0
2046,Pankaj Saraswat,1,21.0
2047,Pannaga Bharana,1,7.0
2048,Paolo Licata,1,31.0
2049,Paresh Mokashi,1,43.0
2050,Paritosh Painter,1,10.0
2051,Park Hoon-jung,1,67.0
2052,Park In-je,1,51.0
2053,Park Young-ju,1,12.0
2054,Parthiban,1,39.0
2055,Partho Mitra,1,25.0
2056,Pascale Lamche,1,25.0
2057,Pat Healy,1,64.0
2058,Patrice Laliberté,1,66.0
2059,Patricia Font,1,53.0
2060,Patricia Rozema,2,67.5
2061,Patricio Valladares,1,16.0
2062,Patrick Brice,2,70.5
2063,Patrick Creadon,1,37.0
2064,Patrick Durham,1,17.0
2065,Patrick Graham,1,73.0
2066,Patrick Hughes,1,60.0
2067,Patrick Meaney,1,13.0
2068,Patrick Rea,1,41.0
2069,Patrick Read Johnson,1,50.0
2070,Patrick Tatopoulos,1,55.0
2071,Patrick Vollrath,1,60.0
2072,Patrick Wright,1,6.0
2073,Paul Feig,1,49.0
2074,Paul Glaser,1,29.0
2075,Paul Greengrass,2,69.0
2076,Paul Haggis,1,64.0
2077,Paul Hoen,4,56.5
2078,Paul Johansson,1,43.0
2079,Paul Justman,1,63.0
2080,Paul Krizan,1,11.0
2081,Paul Leyden,1,39.0
2082,Paul M. Green,1,2.0
2083,Paul Maslansky,1,46.0
2084,Paul Miller,1,33.0
2085,Paul Munger,1,13.0
2086,Paul Powell,1,14.0
2087,Paul Raschid,1,27.0
2088,Paul Schneider,2,25.5
2089,Paul Schrader,1,46.0
2090,Paul Serafini,1,27.0
2091,Paul Thomas Anderson,2,79.0
2092,Paul Urkijo Alijo,1,67.0
2093,Paul Van Carter,1,27.0
2094,Paul Verhoeven,1,61.0
2095,Paul W.S. Anderson,2,51.5
2096,Paul Weitz,2,55.5
2097,Pavel Parkhomenko,1,48.0
2098,Pawan Kripalani,1,21.0
2099,Pawan Kumar,1,34.0
2100,Paween Purijitpanya,1,35.0
2101,Pearry Reginald Teo,1,35.0
2102,Pedring A. Lopez,1,38.0
2103,Pedro Antonio,1,39.0
2104,Pedro Flores Maldonado,1,18.0
2105,Percy Adlon,2,43.5
2106,Perry Lang,1,59.0
2107,Pete Docter,1,82.0
2108,"Pete Docter, Roger Gould",1,69.0
2109,Pete McBride,1,19.0
2110,Peter Baldwin,1,28.0
2111,Peter Berg,2,50.0
2112,Peter Chelsom,1,35.0
2113,Peter Daskaloff,1,26.0
2114,"Peter Farrelly, Will Graham, Steve Carr, Griffin Dunne, Steve Brill, James Duffy, Jonathan van Tulleken, Elizabeth Banks, Patrik Forsberg, Brett Ratner, Rusty Cundieff, James Gunn",1,32.0
2115,Peter Hedges,2,64.5
2116,Peter Hewitt,1,36.0
2117,Peter Ho-Sun Chan,1,24.0
2118,Peter Howitt,1,57.0
2119,Peter Hutchings,1,53.0
2120,Peter Hyams,2,51.5
2121,Peter Jackson,3,76.33333333333333
2122,Peter Lepeniotis,1,45.0
2123,Peter Levin,1,16.0
2124,Peter Markle,1,23.0
2125,"Peter Middleton, James Spinney",1,73.0
2126,"Peter Mortimer, Josh Lowell",1,86.0
2127,Peter O'Brian,1,15.0
2128,Peter Orton,1,47.0
2129,Peter Sattler,1,67.0
2130,Peter Segal,1,56.0
2131,Peter Sohn,1,66.0
2132,Peter Sollett,1,79.0
2133,Peter Sullivan,2,26.5
2134,Peter Thorwarth,1,58.0
2135,Peter Webber,1,22.0
2136,Peter Weir,1,69.0
2137,Peter Winther,1,48.0
2138,Petra Costa,1,79.0
2139,Peyton Reed,2,54.5
2140,Phil Roman,1,51.0
2141,Phil Rosen,1,20.0
2142,Phil Traill,1,45.0
2143,Philip G. Atwell,1,48.0
2144,Philip Marlatt,1,8.0
2145,Philip S. Plowden,1,17.0
2146,Philip Saville,1,26.0
2147,Philip Yung,1,10.0
2148,Philippa Lowthorpe,2,38.5
2149,Phillip Borsos,1,59.0
2150,Phillip Youmans,1,67.0
2151,Phyllida Lloyd,1,76.0
2152,Picky Talarico,1,39.0
2153,Pierfrancesco Diliberto,1,18.0
2154,Pierre Morel,1,69.0
2155,Pieter-Jan De Pue,1,21.0
2156,Piotr Szkopiak,1,38.0
2157,"Pixote Hunt, Hendel Butoy, Eric Goldberg",1,71.0
2158,Ponram,1,26.0
2159,Pradeep Krishnamoorthy,1,9.0
2160,Pradeep Sarkar,1,60.0
2161,Prakash Jha,2,46.5
2162,Prakash Mehra,1,38.0
2163,Prashant Nair,1,42.0
2164,Prateek Vats,1,39.0
2165,Praveen Kandregula,1,36.0
2166,Praveen Nischol,1,19.0
2167,Preston A. Whitmore II,1,28.0
2168,Prince Joy,1,15.0
2169,Priyadarshan,5,40.4
2170,"Priyadarshan, Kookie V. Gulati",1,57.0
2171,Prosit Roy,1,52.0
2172,Puneet Sira,1,18.0
2173,Punit Malhotra,2,28.0
2174,Puri Jagannadh,1,30.0
2175,Pushkar-Gayathri,1,64.0
2176,Qiao Fang,1,6.0
2177,Quentin Tarantino,3,84.66666666666667
2178,Quoc Bao Tran,1,72.0
2179,R. Balki,1,76.0
2180,R. Ellis Frazier,2,11.0
2181,R. Kannan,1,14.0
2182,RZA,2,50.5
2183,Rachel Mason,1,77.0
2184,Rachel Talalay,1,49.0
2185,Radha Blank,1,78.0
2186,"Radha Krishna Jagarlamundi, Kangana Ranaut",1,52.0
2187,Raditya Dika,1,13.0
2188,"Rahi Anil Barve, Adesh Prasad",1,81.0
2189,Rahul Rawail,1,41.0
2190,Raj B. Shetty,1,23.0
2191,Raj Kumar Gupta,3,46.666666666666664
2192,Raj R,1,25.0
2193,Raja Gosnell,3,45.666666666666664
2194,Raja Menon,1,17.0
2195,Rajat Kapoor,1,65.0
2196,Rajesh M Selva,1,21.0
2197,Rajiv Mehra,1,40.0
2198,Rajiv Menon,1,18.0
2199,Rajkumar Hirani,1,83.0
2200,Rajkumar Santoshi,2,52.0
2201,Raju Murugan,1,36.0
2202,Rakeysh Omprakash Mehra,2,32.0
2203,Ralph Hemecker,1,24.0
2204,Ralph Macchio,1,13.0
2205,Ralph Ziman,1,29.0
2206,"Ralph Zondag, Eric Leighton",1,62.0
2207,Ram Gopal Varma,3,25.333333333333332
2208,Ramana Madhesh,1,14.0
2209,Ramón Salazar,1,68.0
2210,Randa Chahal Sabbag,1,19.0
2211,Randa Haines,1,74.0
2212,Randall Miller,2,57.5
2213,Randall Wallace,1,73.0
2214,"Raoul W. Heimrich, Yvonne Wunschel",1,15.0
2215,Rathna Kumar,1,18.0
2216,Raul Inglis,1,8.0
2217,Ravi Chopra,1,2.0
2218,Raymond De Felitta,1,62.0
2219,Raymond Wood,1,15.0
2220,"Raúl Campos, Jan Suter",2,13.5
2221,Rebecca Zlotowski,2,51.0
2222,Reem Kherici,1,52.0
2223,Reema Kagti,2,45.0
2224,Reginald Hudlin,3,66.33333333333333
2225,Reid Nicewonder,1,25.0
2226,Reiner Holzemer,1,15.0
2227,Remi Weekes,1,74.0
2228,Remo D'Souza,3,33.333333333333336
2229,Renan Ozturk,1,27.0
2230,Renato De Maria,1,54.0
2231,Rene Bueno,1,21.0
2232,Renee Chabria,1,17.0
2233,Renny Harlin,2,58.0
2234,Renzil D'Silva,1,30.0
2235,René Pérez Joglar,1,30.0
2236,Rhiannon Bannenberg,1,50.0
2237,Rhys Thomas,1,72.0
2238,Rian Johnson,1,74.0
2239,Ribhu Dasgupta,1,63.0
2240,Ric Roman Waugh,2,64.0
2241,Ricardo Curtis,1,58.0
2242,Ricardo de Montreuil,1,62.0
2243,Rich Ambler,1,7.0
2244,"Rich Moore, Phil Johnston",1,71.0
2245,Rich Ragsdale,1,39.0
2246,Richard Attenborough,1,61.0
2247,Richard Bates Jr.,1,61.0
2248,Richard Benjamin,1,43.0
2249,Richard Brooks,1,83.0
2250,Richard Dembo,1,37.0
2251,Richard Donner,2,52.5
2252,Richard Erdman,1,16.0
2253,"Richard Finn, Tim Maltby",1,12.0
2254,Richard Fleischer,2,58.5
2255,Richard Gabai,1,26.0
2256,Richard LaGravenese,1,60.0
2257,Richard Laxton,1,27.0
2258,Richard Marquand,1,48.0
2259,Richard Mears,1,37.0
2260,Richard Miron,1,26.0
2261,Richard Roy,1,7.0
2262,Richard Sears,1,54.0
2263,Richard Shepard,1,61.0
2264,"Richard W. Munchkin, Rick Jacobson",1,19.0
2265,Richie Mehta,1,50.0
2266,Richie Smyth,1,70.0
2267,Rick Alverson,1,57.0
2268,Rick King,1,29.0
2269,Rick Rosenthal,1,72.0
2270,Ricky Gervais,1,44.0
2271,"Ricky Gervais, Matthew Robinson",1,60.0
2272,Ricky Kennedy,1,38.0
2273,Ridley Scott,3,69.33333333333333
2274,Rik Reinholdtsen,1,38.0
2275,Riley Thomson,1,27.0
2276,Rima Das,1,28.0
2277,Ringo Lam,2,45.0
2278,Riri Riza,1,39.0
2279,Ritesh Batra,2,71.0
2280,Ritesh Rana,1,46.0
2281,Rob Bowman,1,36.0
2282,"Rob Burke, Ronan Burke",1,36.0
2283,Rob Margolies,1,11.0
2284,Rob Minkoff,2,56.0
2285,Rob Reiner,4,65.0
2286,Rob Smat,1,10.0
2287,Robbie Grewal,1,42.0
2288,Robert Allan Ackerman,1,15.0
2289,Robert Altman,1,79.0
2290,Robert Benton,1,55.0
2291,Robert Butler,1,50.0
2292,"Robert Cannan, Ross Adam",1,63.0
2293,Robert Clouse,1,81.0
2294,Robert Connolly,1,63.0
2295,Robert Fernandez,1,37.0
2296,Robert Greenwald,1,61.0
2297,Robert Iscove,1,14.0
2298,Robert Krantz,1,44.0
2299,Robert Kurtzman,1,50.0
2300,Robert Luketic,3,48.333333333333336
2301,Robert Moore,1,59.0
2302,Robert N. Bradbury,2,17.5
2303,"Robert Nixon, Fisher Stevens",1,52.0
2304,"Robert Pulcini, Shari Springer Berman",1,48.0
2305,Robert Rodriguez,4,56.0
2306,"Robert Rodriguez, Patrick Osborne",1,63.0
2307,Robert Schwentke,1,62.0
2308,Robert Stevenson,7,56.57142857142857
2309,Robert Stromberg,1,66.0
2310,Robert Tate,1,42.0
2311,Robert Vince,7,25.0
2312,Robert Zemeckis,1,61.0
2313,"Roberta Grossman, Sophie Sartain",1,57.0
2314,"Roberto De Feo, Paolo Strippoli",1,53.0
2315,"Roberts Gannaway, Tony Craig",1,57.0
2316,Robi Michael,1,42.0
2317,Robin Aubert,1,63.0
2318,Robin Bissell,1,59.0
2319,Robin Hays,1,20.0
2320,Robin Pront,1,58.0
2321,Rock Baijnauth,1,28.0
2322,Rocky Lang,1,12.0
2323,Rocky Soraya,2,31.5
2324,"Rocky Soraya, Anggy Umbara",1,23.0
2325,Rod Blackhurst,1,58.0
2326,Rod Cabatana Marmol,1,13.0
2327,Rod S. Scott,1,12.0
2328,Rodrigo Reyes,1,6.0
2329,Rodrigo Van Der Put,1,46.0
2330,Roger Allers,1,56.0
2331,Roger Christian,1,41.0
2332,Roger Corman,2,48.5
2333,Roger Donaldson,3,56.0
2334,"Roger Graef, James Rogan",1,25.0
2335,Roger Gual,1,61.0
2336,Roger Kumble,2,45.0
2337,Roger Melvin,1,19.0
2338,Roger Sherman,1,26.0
2339,Roger Vadim,1,44.0
2340,Roger Young,1,31.0
2341,Rohit Jugraj,2,13.5
2342,Rohit Shetty,1,59.0
2343,Roland Emmerich,2,57.0
2344,Roland West,1,6.0
2345,"Roman Atwood, Ben Pluimer",1,39.0
2346,Roman Gackowski,1,13.0
2347,"Ron Clements, John Musker",1,75.0
2348,Ron Davis,1,36.0
2349,Ron Howard,2,69.5
2350,Ron Krauss,1,55.0
2351,Ron Underwood,1,56.0
2352,Ronnie Del Carmen,1,69.0
2353,Ross Boyask,1,24.0
2354,Rowan Athale,1,60.0
2355,Rowan Joffe,1,50.0
2356,"Roy Burdine, Johnny Castuciano",1,36.0
2357,"Roy Del Ruth, Hal Roach",1,53.0
2358,Roy Knyrim,1,26.0
2359,Ruairi Robinson,1,44.0
2360,Rudy de Luca,1,37.0
2361,Ruel S. Bayani,2,17.5
2362,"Rupert Julian, Eric von Stroheim",1,9.0
2363,Rupert Wainwright,1,43.0
2364,Russell Holt,1,29.0
2365,Russell Mulcahy,2,49.5
2366,Ryan Koo,1,60.0
2367,Ryan Murphy,1,56.0
2368,Ryan P. Bartley,1,9.0
2369,Ryan Polito,4,50.5
2370,Ryuta Tasaki,1,46.0
2371,S.S. Wilson,2,53.0
2372,Saandeep Patel,1,15.0
2373,Sabir Khan,1,47.0
2374,Sacha Gervasi,1,43.0
2375,Sacha Polak,1,50.0
2376,Sacha Wolff,1,21.0
2377,Sachin Yardi,2,19.0
2378,Sai Paranjape,1,30.0
2379,Saket Chaudhary,2,54.0
2380,Sally Potter,2,70.5
2381,Salvador Espinosa,1,34.0
2382,"Sam ""Blitz"" Bazawule",1,54.0
2383,Sam Anton,1,45.0
2384,"Sam Fell, Chris Butler",1,73.0
2385,Sam Firstenberg,1,45.0
2386,Sam Irvin,2,30.5
2387,Sam Levinson,1,63.0
2388,Sam Macaroni,1,37.0
2389,Sam Mendes,1,86.0
2390,Sam O'Steen,1,32.0
2391,Sam Pillsbury,1,31.0
2392,"Saman Kesh, Jeff Desom, Dugan O'Neal",1,34.0
2393,Sameer Sharma,1,35.0
2394,Sameh Abdulaziz,2,7.0
2395,Sammaria Sari Simanjuntak,1,16.0
2396,"Samuel Armstrong, James Algar, Bill Roberts",1,84.0
2397,Samuel Fischer,1,39.0
2398,Samuel Fuller,1,72.0
2399,Sandeep Vanga,1,64.0
2400,Sandi Tan,1,83.0
2401,Sandra Goldbacher,1,71.0
2402,Sandra Kogut,1,42.0
2403,Sandra L. Martin,1,19.0
2404,Sandra Restrepo,1,48.0
2405,Sandy Chronopoulos,1,29.0
2406,Sang Jun Park,1,22.0
2407,Sangeeth Sivan,1,33.0
2408,Sanjay Dayma,1,26.0
2409,Sanjay Gadhvi,1,67.0
2410,Sanjay Gupta,1,64.0
2411,Sanjay Leela Bhansali,2,65.5
2412,Santhakumar,1,28.0
2413,Santhosh P Jayakumar,1,9.0
2414,"Santiago Diaz, Pablo Martin Farina",1,16.0
2415,Sara Dosa,1,42.0
2416,Sara Sugarman,1,43.0
2417,Sarah Adina Smith,2,60.5
2418,Sarah Daggar-Nickson,1,66.0
2419,Sarah Gavron,1,64.0
2420,Sarah Harper,1,9.0
2421,Sarah Moshman,1,25.0
2422,Sarah Polley,2,74.5
2423,Sarah Siegel-Magness,1,29.0
2424,Sarah Townsend,2,30.0
2425,Saravana Rajan,1,8.0
2426,Sarawut Wichiensarn,1,11.0
2427,Sarik Andreasyan,1,37.0
2428,Sathyan Anthikad,1,54.0
2429,Satish Kaushik,1,10.0
2430,Satish Rajwade,1,9.0
2431,Satyajit Bhatkal,1,14.0
2432,Satyajit Ray,1,79.0
2433,Saul Dibb,1,71.0
2434,Savage Holland,1,51.0
2435,Savage Steve Holland,2,39.5
2436,Savvas D. Michael,1,9.0
2437,"Scott Aukerman, Akiva Schaffer",1,59.0
2438,"Scott Conditt, Jeremy Tremp",1,40.0
2439,Scott Hicks,1,57.0
2440,"Scott Jeffrey, Rebecca Matthews",1,16.0
2441,Scott Marshall,1,17.0
2442,Scott Marshall Smith,1,25.0
2443,Scott Martin,1,30.0
2444,"Scott Rutherford, Ben Peyser",1,43.0
2445,Scott Stewart,1,53.0
2446,Scott Z. Burns,1,70.0
2447,Scott Zabielski,2,52.5
2448,Scott Ziehl,1,37.0
2449,Sean Anders,1,56.0
2450,Sean Baker,1,77.0
2451,Sean Foley,1,67.0
2452,"Sean King, Taylor King",1,14.0
2453,Sean McNamara,2,35.5
2454,Sean Menard,1,47.0
2455,Sean Mewshaw,1,64.0
2456,Sean Patrick O'Reilly,1,11.0
2457,Sean Penn,1,82.0
2458,Sean Stanek,1,9.0
2459,Sebastian DiNatale,1,66.0
2460,Sebastian Gutierrez,1,56.0
2461,Sebastián Cordero,1,66.0
2462,Sebastián Schindel,1,58.0
2463,Selima Taibi,1,50.0
2464,Sergei Bodrov,1,43.0
2465,Sergio Barrejón,1,21.0
2466,Sergio Leone,2,84.0
2467,Shaad Ali,2,52.5
2468,Shaad Ali Sahgal,1,28.0
2469,Shakti Samanta,1,19.0
2470,Shalini Kantayya,2,54.0
2471,Shana Betz,1,26.0
2472,Shane Dax Taylor,1,32.0
2473,"Shane Kuhn, Brendan Cowles",1,37.0
2474,Shane O'Sullivan,1,7.0
2475,Shanker Raman,1,36.0
2476,Shannon Hartman,3,44.666666666666664
2477,Sharan Sharma,1,59.0
2478,Shashank Khaitan,3,51.0
2479,"Shashank Khaitan, Raj Mehta, Neeraj Ghaywan, Kayoze Irani",1,55.0
2480,Shashanka Ghosh,1,61.0
2481,Shaun Paul Piccinino,1,57.0
2482,Shawn Cauthen,1,24.0
2483,Shawn Levy,3,43.666666666666664
2484,Shawn Rech,1,44.0
2485,Shawn Seet,1,62.0
2486,Sheldon Lettich,1,55.0
2487,Shigeaki Kubo,1,17.0
2488,Shigeo Tanaka,1,43.0
2489,Shin Won-ho,2,54.0
2490,"Shinji Aramaki, Masaru Matsumoto",1,52.0
2491,Shirish Kunder,1,34.0
2492,Shiva Nirvana,1,35.0
2493,Shlok Sharma,1,40.0
2494,Shreyas Talpade,1,20.0
2495,Shuko Murase,1,64.0
2496,Shweta Basu Prasad,1,71.0
2497,Shyam Benegal,3,27.0
2498,Sibusiso Khuzwayo,1,11.0
2499,Siddharth Anand,1,51.0
2500,Siddharth P Malhotra,1,67.0
2501,Siddharth Raj Anand,1,56.0
2502,Siddique,1,43.0
2503,"Sidharta Tata, Aco Tenriyagelli, Dian Sastrowardoyo, Ifa Isfansyah, Jason Iskandar",1,10.0
2504,Sidney J. Furie,1,48.0
2505,Sidney Lumet,2,70.5
2506,Sigrid Andrea Bernardo,1,38.0
2507,Simcha Jacobovici,1,21.0
2508,Simerjit Singh,1,22.0
2509,Simon Baker,1,67.0
2510,Simon Hunter,1,65.0
2511,Simon Langton,1,65.0
2512,Simon Rumley,1,31.0
2513,Simon Stone,2,69.5
2514,Simon Wells,1,69.0
2515,Simon West,1,41.0
2516,Simon Wincer,2,46.0
2517,Sion Sono,2,43.5
2518,Sittisiri Mongkolsiri,1,51.0
2519,Siu-Tung Ching,1,53.0
2520,Skye Borgman,1,67.0
2521,Sofia Coppola,1,54.0
2522,Sohail Tatari,1,17.0
2523,Sonia Anderson,1,12.0
2524,Sonia Bible,1,10.0
2525,Sonia Kennebeck,1,41.0
2526,Sonia Lowman,1,27.0
2527,Sonny Mallhi,1,31.0
2528,Sooraj R. Barjatya,2,51.0
2529,Sophia Nahli Allison,1,65.0
2530,Sophie Fillières,1,18.0
2531,Sophie Goodhart,1,65.0
2532,Sopon Sukdapisit,1,40.0
2533,Spike Lee,3,77.33333333333333
2534,Spiro Razatos,1,24.0
2535,Sreekanth Addala,1,27.0
2536,Sri Senthil,1,15.0
2537,Srijit Mukherjee,1,26.0
2538,Stacie Passon,1,63.0
2539,Stacy Title,1,34.0
2540,Stan Dragoti,1,48.0
2541,Stan Lathan,1,74.0
2542,"Stanislav Sokolov, Derek W. Hayes",1,41.0
2543,Stanley Donen,2,39.0
2544,"Stanley Moore, Alex Woo",1,10.0
2545,Stanley Tong,1,45.0
2546,Stefano Lodovichi,1,54.0
2547,Stefano Mordini,1,24.0
2548,Stella Meghie,1,31.0
2549,Stephan Schultze,1,12.0
2550,Stephanie Turner,1,28.0
2551,Stephanie Zari,1,27.0
2552,Stephen Anderson,1,68.0
2553,"Stephen Anderson, Don Hall",1,75.0
2554,Stephen Chbosky,1,80.0
2555,Stephen Daldry,1,64.0
2556,Stephen Frears,2,80.0
2557,Stephen Herek,1,54.0
2558,Stephen Kay,1,9.0
2559,Stephen Kijak,1,57.0
2560,Stephen Metcalfe,1,28.0
2561,Stephen Norrington,1,48.0
2562,Stephen Reynolds,1,49.0
2563,Stephen Rutterford,1,28.0
2564,Stephen S. Campanelli,1,63.0
2565,Steve Antin,1,60.0
2566,Steve Barker,1,50.0
2567,Steve Boyum,2,54.5
2568,Steve Brill,3,47.0
2569,Steve Carr,1,63.0
2570,Steve James,1,82.0
2571,Steve Miner,1,71.0
2572,Steve Paley,1,64.0
2573,Steve Pink,1,58.0
2574,Steve Race,1,45.0
2575,Steve Sekely,1,7.0
2576,Steve Trenbirth,1,43.0
2577,Steve Williams,1,48.0
2578,Steven Ayromlooi,1,5.0
2579,"Steven Bognar, Julia Reichert",1,43.0
2580,Steven C. Miller,2,46.0
2581,Steven Jacobson,1,50.0
2582,Steven Knight,1,76.0
2583,Steven Lisberger,1,71.0
2584,Steven Luke,1,27.0
2585,Steven Robman,1,12.0
2586,Steven Schachter,1,17.0
2587,Steven Soderbergh,4,62.25
2588,Steven Spielberg,5,78.6
2589,Steven Stainberg,1,38.0
2590,Steven Tsuchida,1,30.0
2591,Steven Yamamoto,1,35.0
2592,"Stevie Wermers-Skelton, Kevin Deters",2,54.0
2593,Stewart Hendler,1,42.0
2594,Storm Ashwood,1,24.0
2595,Stuart Baird,1,63.0
2596,Stuart Gillard,3,45.0
2597,Stuart Heisler,1,23.0
2598,Stuart Rosenberg,1,88.0
2599,Stuart Sender,1,34.0
2600,"Su I-Hsuan, Chuang Shiang-an, Liu Yi",1,70.0
2601,Subhash Ghai,2,61.5
2602,Subhash Kapoor,2,31.0
2603,Sudabeh Mortezai,1,50.0
2604,Sudha Kongara,1,60.0
2605,"Sudha Kongara, Vignesh Shivan, Gautham Vasudev Menon, Vetri Maaran",1,40.0
2606,Sudhir Mishra,3,31.666666666666668
2607,Sue Ding,1,13.0
2608,Sue Lyon,1,7.0
2609,Sujeeth,1,41.0
2610,Sujoy Ghosh,3,60.666666666666664
2611,Sundar C.,1,31.0
2612,Sung Do-jun,1,44.0
2613,Sung-soo Kim,1,70.0
2614,Sunhil Sippy,1,21.0
2615,Sunkanmi Adebayo,1,59.0
2616,Suparn Verma,1,12.0
2617,Suresh Triveni,1,59.0
2618,Susan Seidelman,1,56.0
2619,Susanne Bier,2,50.5
2620,Suseenthiran,1,39.0
2621,Sven Unterwaldt,1,6.0
2622,Syamsul Yusof,1,21.0
2623,Sydney Sibilia,1,72.0
2624,Syed Ahmad Afzal,1,34.0
2625,Sylvain White,2,46.0
2626,Sylvie Verheyde,2,35.5
2627,"Syrine Boulanouar, Nekfeu",1,40.0
2628,"TJ Sullivan, Greg Rankin",1,20.0
2629,"Tad Stones, Toby Shelton, Victor Cook",1,49.0
2630,"Takeru Nakajima, Yoshiyuki Okada",1,61.0
2631,Tamas Yvan Topolanszky,1,27.0
2632,Tan Bing,1,24.0
2633,Tanveer Khan,1,5.0
2634,Tarun Mansukhani,1,30.0
2635,Tate Taylor,1,45.0
2636,Tatsushi Omori,1,65.0
2637,Tayarisha Poe,1,63.0
2638,Taylor King,1,11.0
2639,Taylor Morden,1,62.0
2640,Taylor Sheridan,1,79.0
2641,"Ted Berman, Richard Rich",1,62.0
2642,Ted Braun,1,76.0
2643,Ted Demme,1,68.0
2644,Ted Emery,1,32.0
2645,Ted Geoghegan,1,59.0
2646,Ted Mathot,1,60.0
2647,Ted Tetzlaff,1,9.0
2648,Teddy Lussi-Modeste,1,18.0
2649,Teja,1,21.0
2650,Tensai Okamura,1,49.0
2651,Terrie Samundra,1,19.0
2652,Terry Gilliam,1,62.0
2653,Terry Miles,2,31.0
2654,Thanakorn Pongsuwan,1,12.0
2655,The Existentialist,1,60.0
2656,Thea Sharrock,1,64.0
2657,Theo Love,1,46.0
2658,Theodore Boborol,1,28.0
2659,Theodore Melfi,2,67.5
2660,Theodore Witcher,1,78.0
2661,Theresa Bennett,1,63.0
2662,Thiagarajan Kumararaja,1,76.0
2663,"Thierry Demaizière, Alban Teurlai",1,48.0
2664,Thiru,2,16.5
2665,Thomas Bezucha,1,67.0
2666,Thomas Carr,1,7.0
2667,Thomas Carter,1,72.0
2668,Thomas Dekker,1,37.0
2669,Thomas M. Wright,1,24.0
2670,Thomas Meadmore,1,25.0
2671,Thomas Sieben,1,44.0
2672,Thomas Sorriaux,1,21.0
2673,Thomas Stuber,1,21.0
2674,Thor Freudenthal,1,55.0
2675,"Thurop Van Orman, John Rice",1,69.0
2676,Tianyu Zhao,1,57.0
2677,Ticoy Rodriguez,1,14.0
2678,Tiller Russell,1,78.0
2679,Tim Blake Nelson,1,54.0
2680,Tim Brown,1,30.0
2681,Tim Burton,3,58.0
2682,Tim Hill,3,47.333333333333336
2683,Tim Hunter,1,30.0
2684,Tim Maltby,1,18.0
2685,Tim Neeves,1,18.0
2686,Tim Reis,1,75.0
2687,Tim Story,2,47.0
2688,Tim Van Someren,1,78.0
2689,Timo Tjahjanto,2,66.5
2690,Timo Vuorensola,1,51.0
2691,Timothy Armstrong,1,27.0
2692,Timothy Björklund,1,49.0
2693,Timothy Bond,1,6.0
2694,Timothy Hutton,1,42.0
2695,Timothy Linh Bui,1,47.0
2696,Timothy Woodward Jr.,3,43.666666666666664
2697,Tinge Krishnan,1,53.0
2698,To-hoi Kong,1,21.0
2699,Toa Fraser,1,61.0
2700,Tobias Lindholm,1,75.0
2701,Toby Haynes,1,81.0
2702,Todd Berger,1,19.0
2703,Todd Biermann,1,64.0
2704,Todd Graff,1,66.0
2705,Todd Haynes,2,67.0
2706,Todd Phillips,3,60.0
2707,Todd Robinson,1,56.0
2708,Toka McBaror,1,54.0
2709,Tolga Karaçelik,1,44.0
2710,Tom DiCillo,1,32.0
2711,Tom Donahue,1,75.0
2712,Tom Edmunds,1,57.0
2713,Tom Elkins,1,46.0
2714,Tom Forrest,1,25.0
2715,Tom Harper,2,55.0
2716,Tom McCarthy,1,86.0
2717,Tom O'Brien,1,28.0
2718,Tom Vaughan,1,45.0
2719,Tommy Wirkola,1,62.0
2720,Tonino Valerii,1,77.0
2721,Tony Bill,1,67.0
2722,"Tony Craig, Bobs Gannaway",1,53.0
2723,Tony Elliott,1,56.0
2724,Tony Giglio,1,37.0
2725,Tony Gilroy,1,60.0
2726,Tony H. Cadwell,1,6.0
2727,"Tony Jaa, Panna Rittikrai",1,49.0
2728,Tony Kaye,1,81.0
2729,Tony Leondis,1,49.0
2730,Tony Maylam,1,52.0
2731,Tony Pietra Arjuna,1,62.0
2732,Tony Randel,1,21.0
2733,Tony Vidal,1,16.0
2734,Tony Zierra,1,77.0
2735,Travis Stevens,1,57.0
2736,Travis Zariwny,1,36.0
2737,Trevor Nunn,1,57.0
2738,Trey Edward Shults,1,78.0
2739,Trey Parker,1,65.0
2740,Trinadha Rao Nakkina,1,24.0
2741,Tristan Ferland Milewski,1,44.0
2742,Trivikram Srinivas,2,59.0
2743,Troy Miller,2,28.0
2744,Troy Nixey,1,57.0
2745,Trudie Styler,1,59.0
2746,Tyler Perry,2,55.0
2747,Tyler Savage,1,45.0
2748,Tyler Wayne,1,10.0
2749,Tània Balló,1,43.0
2750,Uga Carlini,1,27.0
2751,Ui-seok Jo,1,65.0
2752,Ulli Lommel,1,4.0
2753,Ulrike Kofler,1,48.0
2754,Umesh Ghadge,1,10.0
2755,Umut Aral,1,11.0
2756,Upi Avianto,1,15.0
2757,Uri Barbash,1,19.0
2758,Urszula Antoniak,1,12.0
2759,Uwe Boll,2,44.0
2760,Vadim Perelman,1,77.0
2761,Valeri Milev,1,12.0
2762,Vallo Toomla,1,10.0
2763,Vandana Kataria,1,22.0
2764,Vanessa Roth,1,18.0
2765,Vasanthabalan,1,29.0
2766,Venky Kudumula,1,49.0
2767,Vetrimaaran,1,38.0
2768,Vibeke Idsøe,1,35.0
2769,Vic Sarin,3,28.333333333333332
2770,Vicente Aranda,1,33.0
2771,Vicente Villanueva,1,68.0
2772,Vicky Wight,1,59.0
2773,"Victor Dal Chele, Alfred Gimeno",1,40.0
2774,Victor Vu,1,17.0
2775,Victor Zarcoff,1,52.0
2776,Vidhu Vinod Chopra,1,21.0
2777,Vignesh Shivan,1,36.0
2778,Vijay,1,25.0
2779,Vijay Krishna Acharya,1,29.0
2780,Vijay Kumar,1,13.0
2781,Vijay Lalwani,1,59.0
2782,Vijay Milton,1,14.0
2783,Vikram Bhatt,3,26.0
2784,Vikram Gandhi,1,62.0
2785,Vikram Pradhan,1,14.0
2786,Vikramaditya Motwane,1,60.0
2787,"Vikramaditya Motwane, Anurag Kashyap",1,80.0
2788,Vince Gilligan,1,77.0
2789,Vince Marcello,4,43.75
2790,Vincent McEveety,4,34.0
2791,Vincent Selva,1,1.0
2792,Vinil Mathew,1,60.0
2793,Vinod Anantoju,1,34.0
2794,Vipul Amrutlal Shah,2,47.0
2795,Vishal Bhardwaj,2,70.0
2796,Vishal Mahadkar,1,10.0
2797,Vishnu Varadhan,1,71.0
2798,Vishwesh Krishnamoorthy,1,17.0
2799,Vitor Brandt,1,49.0
2800,Vivek Agnihotri,2,20.0
2801,Vivek Elangovan,1,22.0
2802,Vlad Yudin,4,36.75
2803,"Vonda Harrell, Daniel Camenisch",1,7.0
2804,"Wade Allain-Marcus, Jesse Allain-Marcus",1,10.0
2805,Wade Gasque,1,36.0
2806,Wael Ehsan,2,34.0
2807,Wagner de Assis,1,36.0
2808,Walerian Borowczyk,1,51.0
2809,Walt Becker,1,47.0
2810,Walt Disney,1,40.0
2811,Walter Murch,1,62.0
2812,Warren Beatty,1,70.0
2813,Warren P. Sonoda,2,31.5
2814,Wayne Abbott,1,10.0
2815,Wayne Blair,1,73.0
2816,Wayne Wang,1,68.0
2817,Wellson Chin Sing-Wai,1,14.0
2818,Wendy Morgan,1,47.0
2819,Wenn V. Deramas,3,11.333333333333334
2820,Werner Herzog,1,42.0
2821,Wes Anderson,2,72.5
2822,Wes Craven,1,52.0
2823,Wes Miller,1,11.0
2824,White Trash Tyler,1,58.0
2825,Wilfred Jackson,2,44.5
2826,"Wilfred Jackson, Walt Disney",1,63.0
2827,Wilfred Jaxon,1,32.0
2828,"Wilhelm Liebenberg, Federico Sanchez",1,22.0
2829,Will Allen,1,65.0
2830,Will Forbes,1,31.0
2831,Will Gluck,2,67.5
2832,Will Mackenzie,1,12.0
2833,"Will McCormack, Michael Govier",1,83.0
2834,Will McFadden,1,8.0
2835,Will Wallace,1,36.0
2836,William A Graham,1,10.0
2837,William Bindley,1,46.0
2838,William Brent Bell,1,30.0
2839,William Crain,1,49.0
2840,William Dear,1,36.0
2841,William F. Claxton,1,23.0
2842,William H. Macy,2,50.0
2843,William J. Cowen,1,17.0
2844,William Jewell,1,25.0
2845,William Lau,3,60.666666666666664
2846,"William Lau, Sylvain Blais",1,61.0
2847,William Tannen,1,22.0
2848,William Wesley,1,29.0
2849,William Witney,2,1.5
2850,William Wyler,3,55.666666666666664
2851,"William Wyler, John Sturges",1,16.0
2852,Wilson Yip,3,74.0
2853,Wolfgang Reitherman,3,69.33333333333333
2854,"Wolfgang Reitherman, John Lounsbery, Art Stevens",1,70.0
2855,Wong Kar Wai,1,69.0
2856,Woo Min-ho,1,58.0
2857,Woo-seok Yang,1,72.0
2858,Woody Allen,4,58.25
2859,Wyatt Cenac,1,24.0
2860,Xavier Gens,1,44.0
2861,Xiaogang Feng,1,69.0
2862,Yandy Laurens,1,35.0
2863,Yang Woo-seok,1,67.0
2864,"Yann Arthus-Bertrand, Michael Pitiot",1,48.0
2865,Yann Gozlan,1,60.0
2866,Yash Chopra,6,43.833333333333336
2867,Yasir Nawaz,1,13.0
2868,Yasmin Ahmad,2,27.5
2869,Yee Tung-Shing,1,33.0
2870,Yeo Siew Hua,1,44.0
2871,Yesim Ustaoglu,1,42.0
2872,"Yoshiyuki Tomino, Yoshikazu Yasuhiko",1,55.0
2873,You-Jeong Chang,1,20.0
2874,Younuts!,1,40.0
2875,Youssef Chahine,5,36.4
2876,Yuen Wo-Ping,1,52.0
2877,Yuki Tanada,1,31.0
2878,Yulene Olaizola,1,39.0
2879,Yuval Adler,1,52.0
2880,Yvan Attal,1,46.0
2881,Yılmaz Erdoğan,2,39.0
2882,Zach Braff,2,67.5
2883,Zachary Heinzerling,1,79.0
2884,Zack Snyder,1,62.0
2885,Zak Hilditch,1,40.0
2886,Zakariya,1,20.0
2887,Zaza Urushadze,1,81.0
2888,Zeina Durra,1,65.0
2889,Zeke Norton,1,52.0
2890,Zep,1,29.0
2891,Zheng Xu,1,35.0
2892,Zhong Yu,1,24.0
2893,Zoya Akhtar,2,72.5
2894,"Zoya Akhtar, Karan Johar, Anurag Kashyap, Dibakar Banerjee",1,67.0
2895,Zu Quirke,1,59.0
2896,customflix,1,13.0
2897,magnolia,1,35.0
2898,mink,1,32.0
2899, Antonio Margheriti,1,3.0
2900," Raoul Walsh, Mario Bava",1,17.0
2901,Álex de la Iglesia,1,65.0
2902,Álvaro Delgado-Aparicio L.,1,64.0
2903,Étienne Chatiliez,1,20.0
